name,transcription,prediction,ev_wer,ev_cer,my_wer,my_cer
p340_001,Please call Stella., Please call Stella.,0.0,0.0,0.0,0.0
p340_002,Ask her to bring these things with her from the store., Ask her to bring these things with her from the store.,0.0,0.0,0.0,0.0
p340_003,"Six spoons of fresh snow peas, five thick slabs of blue cheese, and maybe a snack for her brother Bob."," 6 spoons of fresh snow peas, 5 thick stabs of blue cheese and maybe a snack for her brother Blup.",25.0,11.76470588235294,25.0,13.725490196078432
p340_004,We also need a small plastic snake and a big toy frog for the kids., We also need a small plastic snake and a big toy frog for the kids.,0.0,0.0,0.0,0.0
p340_005,"She can scoop these things into three red bags, and we will go meet her Wednesday at the train station.", She can scoop these things into three road bikes and we will go meet her Wednesday at the train station.,10.0,5.825242718446602,10.0,6.796116504854369
p340_006,"When the sunlight strikes the raindrops in the air, they act as a prism and form a rainbow."," When the sunlight strikes the raindrops in the air, they act as a prism and form a rainbow.",0.0,0.0,0.0,0.0
p340_007,The rainbow is a division of white light into many beautiful colors., The rainbow is a division of white light into many beautiful colours.,8.333333333333332,1.4705882352941175,8.333333333333332,5.88235294117647
p340_008,"These take the shape of a long round arch, with its path high above, and its two ends apparently beyond the horizon."," These take the shape of a long, round arch with its path high above and its two ends apparently beyond the horizon.",13.636363636363635,2.586206896551724,0.0,2.586206896551724
p340_009,"There is , according to legend, a boiling pot of gold at one end."," There is, according to London, a boiling pot of gold at one end.",21.428571428571427,10.76923076923077,21.428571428571427,12.307692307692308
p340_010,"People look, but no one ever finds it.", People look but no one ever finds it.,12.5,2.631578947368421,0.0,2.631578947368421
p340_011,"When a man looks for something beyond his reach, his friends say he is looking for the pot of gold at the end of the rainbow."," When a man looks for something beyond his reach, his friends say he is looking for the pot of gold at the end of the rainbow.",0.0,0.0,0.0,0.0
p340_012,Throughout the centuries people have explained the rainbow in various ways., Throughout the centuries people have explained the rainbow in various ways.,0.0,0.0,0.0,0.0
p340_013,Some have accepted it as a miracle without physical explanation., Some have accepted it is America without physical explanation.,30.0,10.9375,30.0,23.4375
p340_014,To the Hebrews it was a token that there would be no more universal floods.," To the Hebrews, it was a token that there would be no more universal floods.",6.666666666666667,1.3333333333333335,0.0,1.3333333333333335
p340_015,The Greeks used to imagine that it was a sign from the gods to foretell war or heavy rain., The Greeks used to imagine that it was a sign from the gods to foretell war or heavy rain.,0.0,0.0,0.0,0.0
p340_016,The Norsemen considered the rainbow as a bridge over which the gods passed from earth to their home in the sky., The Norsemen consider the rainbow as a bridge over which the gods passed from earth to their home in the sky.,4.761904761904762,1.8018018018018018,4.761904761904762,1.8018018018018018
p340_017,Others have tried to explain this phenomenon physically., As I've tried to explain this phenomenon physically.,25.0,12.5,37.5,25.0
p340_018,Aristotle thought that the rainbow was caused by reflection of the sun's rays by the rain., Aristotle thought that the rainbow was caused by reflection of the sun's rays by the rain.,0.0,0.0,0.0,0.0
p340_019,"Since then physicists have found that it is not reflection, but refraction by the raindrops which causes the rainbows."," Since then, physicists have found that it is not reflection, but refraction by the raindrops which causes the rainbows.",5.263157894736842,0.847457627118644,0.0,0.847457627118644
p340_020,Many complicated ideas about the rainbow have been formed., Many complicated ideas about the rainbow have been formed.,0.0,0.0,0.0,0.0
p340_021,"The difference in the rainbow depends considerably upon the size of the drops, and the width of the colored band increases as the size of the drops increases."," The difference in the rainbow depends considerably upon the size of the drops, and the width of the coloured band increases as the size of the drops increases.",3.571428571428571,0.6329113924050633,3.571428571428571,2.5316455696202533
p340_022,The actual primary rainbow observed is said to be the effect of super-imposition of a number of bows., The actual primary rainbow observed is said to be the effect of superimposition of a number of bows.,5.555555555555555,0.9900990099009901,5.555555555555555,10.891089108910892
p340_024,"This is a very common type of bow, one showing mainly red and yellow, with little or no green or blue."," This is a very common type of bow, one showing mainly red and yellow with little or no greener blue.",14.285714285714285,2.941176470588235,9.523809523809524,4.901960784313726
p340_025,It would be nice., It would be nice.,0.0,0.0,0.0,0.0
p340_026,We are not prepared to do that., We are not prepared to do that.,0.0,0.0,0.0,0.0
p340_027,We've just decided to do something about it., We've just decided to do something about it.,0.0,0.0,0.0,0.0
p340_028,It's a horrific incident., It's a horrific incident.,0.0,0.0,0.0,0.0
p340_029,But it's not just about that., But it's not just about that.,0.0,0.0,0.0,0.0
p340_030,We've not won anything yet., We've not won anything yet.,0.0,0.0,0.0,0.0
p340_031,He was very close., He was very close.,0.0,0.0,0.0,0.0
p340_032,But someone has to take them., But someone has to take them.,0.0,0.0,0.0,0.0
p340_033,We don't find any danger from them., We don't find any danger from them.,0.0,0.0,0.0,0.0
p340_034,Do you think they would do any better?, Do you think they would do any better?,0.0,0.0,0.0,0.0
p340_035,"They were appalling, disgraceful."," They are appalling, disgraceful.",25.0,6.0606060606060606,25.0,12.121212121212121
p340_036,Who was that?, Who was that?,0.0,0.0,0.0,0.0
p340_037,"There was only one problem, the teacher was still there!", There was only one problem. The teacher was still there.,30.0,5.357142857142857,0.0,5.357142857142857
p340_038,This is my personal assessment., This is my personal assessment.,0.0,0.0,0.0,0.0
p340_039,It is a recipe for success., It is a recipe for success.,0.0,0.0,0.0,0.0
p340_040,You've got to have everything inside with you., You've got to have everything inside with you.,0.0,0.0,0.0,0.0
p340_041,We didn't deserve to win., We didn't deserve to win.,0.0,0.0,0.0,0.0
p340_042,This is great news., This is great news.,0.0,0.0,0.0,0.0
p340_043,We can hardly talk about it., We can hardly talk about it.,0.0,0.0,0.0,0.0
p340_044,That was a month ago., That was a month ago.,0.0,0.0,0.0,0.0
p340_045,I have lost all confidence., I have lost all confidence.,0.0,0.0,0.0,0.0
p340_046,It would be another reason to live., It will be another reason to live.,14.285714285714285,8.571428571428571,14.285714285714285,8.571428571428571
p340_047,I felt under a lot of pressure., I felt under a lot of pressure.,0.0,0.0,0.0,0.0
p340_048,None of the pieces was commissioned., None of the pieces was commissioned.,0.0,0.0,0.0,0.0
p340_049,It is somewhere to be., It is somewhere to be.,0.0,0.0,0.0,0.0
p340_050,But it was no problem., But it was no problem.,0.0,0.0,0.0,0.0
p340_051,This has been a difficult time for me., This has been a difficult time for me.,0.0,0.0,0.0,0.0
p340_052,These people are not big names., These people are not big names.,0.0,0.0,0.0,0.0
p340_053,Don't you believe it., Don't you believe us?,25.0,14.285714285714285,25.0,14.285714285714285
p340_054,I certainly think it's very short-sighted., I certainly think it's very shortsighted.,16.666666666666664,2.380952380952381,16.666666666666664,21.428571428571427
p340_055,We did something about it., We did something about it.,0.0,0.0,0.0,0.0
p340_056,Where is the money coming from?, Where's the money coming from?,33.33333333333333,6.451612903225806,33.33333333333333,38.70967741935484
p340_057,It needs a rethink., It needs a rethink.,0.0,0.0,0.0,0.0
p340_058,Why does it work?, Why does it work?,0.0,0.0,0.0,0.0
p340_059,He would have been wrong., He would have been wrong.,0.0,0.0,0.0,0.0
p340_060,"He played really, really well."," He played really, really well.",0.0,0.0,0.0,0.0
p340_061,He was right of course.," He was right, of course.",20.0,4.3478260869565215,0.0,4.3478260869565215
p340_062,It's there for people to look at., It's there for people to look at.,0.0,0.0,0.0,0.0
p340_063,"Together, we can make a difference.", Together we can make a difference.,16.666666666666664,2.857142857142857,0.0,48.57142857142857
p340_064,"That, however, was the exception."," That, however, was the exception.",0.0,0.0,0.0,0.0
p340_065,This has been a long process., This has been a long process.,0.0,0.0,0.0,0.0
p340_066,"It's a lovely, lovely film."," It's a lovely, lovely film.",0.0,0.0,0.0,0.0
p340_067,It's probably just as well., It's probably just as well.,0.0,0.0,0.0,0.0
p340_068,It is time for the talking to stop., It is time for the talking to stop.,0.0,0.0,0.0,0.0
p340_069,We were very close., We were very close.,0.0,0.0,0.0,0.0
p340_070,If only it were so., If only it were so.,0.0,0.0,0.0,0.0
p340_071,They do not deliver., They do not deliver.,0.0,0.0,0.0,0.0
p340_072,"However, that is just for starters."," However, that is just for starters.",0.0,0.0,0.0,0.0
p340_073,This can be extreme., This can be extreme.,0.0,0.0,0.0,0.0
p340_074,I'm sure that they will learn., I'm sure that they will learn.,0.0,0.0,0.0,0.0
p340_075,Would she remember the music?, What do you remember the music?,60.0,27.586206896551722,80.0,44.827586206896555
p340_076,There was still more disquiet in Israel., There was still more just quiet in Israel.,28.57142857142857,10.0,28.57142857142857,30.0
p340_077,Two options are being proposed., Two options are being proposed.,0.0,0.0,0.0,0.0
p340_078,Mr Masterton said he was very hopeful., Mr. Masterton said he was very hopeful.,14.285714285714285,2.631578947368421,0.0,13.157894736842104
p340_079,He is now back in Britain., He's now back in Britain.,33.33333333333333,7.6923076923076925,33.33333333333333,23.076923076923077
p340_080,There was no commission., There was no commission.,0.0,0.0,0.0,0.0
p340_081,There was a vacuum., There was a vacuum.,0.0,0.0,0.0,0.0
p340_082,It is time to be realistic., It is time to be realistic.,0.0,0.0,0.0,0.0
p340_083,Everyone in front of me was dead., Evan in front of me with Dad.,42.857142857142854,30.303030303030305,57.14285714285714,60.60606060606061
p340_084,"Willie deserved it, for what he has achieved.", Will he deserved it for what he has achieved?,50.0,8.88888888888889,37.5,62.22222222222222
p340_085,It is a potential danger., It is a potential danger.,0.0,0.0,0.0,0.0
p340_086,I've thought a lot about the Commonwealths., I've thought a lot about the Commonwealths.,0.0,0.0,0.0,0.0
p340_087,But we never wanted to do that here., But we never wanted to do that here.,0.0,0.0,0.0,0.0
p340_088,There was no hint of scandal., There was no hint of scandal.,0.0,0.0,0.0,0.0
p340_089,The money will go straight to the headteacher., The money will go straight to the head teacher.,25.0,2.1739130434782608,25.0,34.78260869565217
p340_090,"He said, we're delighted by the vote.", He said we are delighted by the vote.,42.857142857142854,8.108108108108109,28.57142857142857,18.91891891891892
p340_091,It could be to do with the location., It could be to do with the location.,0.0,0.0,0.0,0.0
p340_092,This is a terrible tragedy., This is a terrible tragedy.,0.0,0.0,0.0,0.0
p340_093,The teenager had been missing for six months., The teenager had been missing for six months.,0.0,0.0,0.0,0.0
p340_094,I'm delighted to be coming back home., I'm delighted to be coming back home.,0.0,0.0,0.0,0.0
p340_095,He said he never saw it., He said he never saw us.,16.666666666666664,8.333333333333332,16.666666666666664,8.333333333333332
p340_096,It is a matter of clarity., It is a matter of clarity.,0.0,0.0,0.0,0.0
p340_097,You will never get a conviction., You will never get a conviction.,0.0,0.0,0.0,0.0
p340_098,He did not have to stop and think., He did not have to stop and think.,0.0,0.0,0.0,0.0
p340_099,We deserved to win it., We deserve to win it.,20.0,4.545454545454546,20.0,4.545454545454546
p340_100,Or did it?, Or did it?,0.0,0.0,0.0,0.0
p340_101,It's just not funny!, It's just not funny.,25.0,5.0,0.0,5.0
p340_102,His own excitement is never difficult to detect., His own excitement is never difficult to get attacked.,25.0,18.75,25.0,29.166666666666668
p340_103,He almost admitted as much., He almost admitted as much.,0.0,0.0,0.0,0.0
p340_104,So what is the problem?, So what is the problem?,0.0,0.0,0.0,0.0
p340_105,We believe it to be completely without merit., We believe it to be completely with that marriage.,37.5,20.0,37.5,40.0
p340_106,He didn't bother a soul., He didn't bother a soul.,0.0,0.0,0.0,0.0
p340_107,That was my first reaction., That was my first reaction.,0.0,0.0,0.0,0.0
p340_108,Fishing is a declining industry., Fishing is a declining industry.,0.0,0.0,0.0,0.0
p340_109,"Another man said, It was horrible.", Another man said it was horrible.,33.33333333333333,5.88235294117647,0.0,5.88235294117647
p340_110,That's the way it goes., That's the way it goes.,0.0,0.0,0.0,0.0
p340_111,But we still don't know., But we still don't know.,0.0,0.0,0.0,0.0
p340_112,Are there any he wants to play?, Either any he wants to play.,42.857142857142854,19.35483870967742,28.57142857142857,29.03225806451613
p340_113,The film is on a tightrope., The film is on a tightrope.,0.0,0.0,0.0,0.0
p340_114,It was a question of patience., It was a question of patience.,0.0,0.0,0.0,0.0
p340_115,I have never been in anything like that., I have never been in anything like that.,0.0,0.0,0.0,0.0
p340_116,I have done ever since it was published., I have done ever since it was published.,0.0,0.0,0.0,0.0
p340_117,We have got to the top., We have got to the top.,0.0,0.0,0.0,0.0
p340_118,"In fact, they have the opposite effect."," In fact, they have the opposite effect.",0.0,0.0,0.0,0.0
p340_119,"And it worked, so we kept it."," And it worked, so we kept it.",0.0,0.0,0.0,0.0
p340_120,The king is delighted by the honour., The King is delighted by the honor.,28.57142857142857,5.555555555555555,14.285714285714285,11.11111111111111
p340_121,Johnsen is equally concerned., Johnson is equally concerned.,25.0,3.4482758620689653,50.0,48.275862068965516
p340_122,My body is clearly capable., My body is clearly capable.,0.0,0.0,0.0,0.0
p340_123,"Yes, we can beat them."," Yes, we can beat them.",0.0,0.0,0.0,0.0
p340_124,She was not hard done by., She was not hard done by.,0.0,0.0,0.0,0.0
p340_125,They said they were only young men., They said they were only young men.,0.0,0.0,0.0,0.0
p340_126,We are in the end game., We are in the end game.,0.0,0.0,0.0,0.0
p340_127,This is not the case., This is not the case.,0.0,0.0,0.0,0.0
p340_128,There may be some resistance., There may be some resistance.,0.0,0.0,0.0,0.0
p340_129,It is the same old story., It is the same old story.,0.0,0.0,0.0,0.0
p340_130,You need that freedom in society., You need that freedom in society.,0.0,0.0,0.0,0.0
p340_131,It is a strong case., It is a strong case.,0.0,0.0,0.0,0.0
p340_132,Who do you think will win?, Who do you think will win?,0.0,0.0,0.0,0.0
p340_133,I certainly would not accept this decision., I certainly will not accept this decision.,14.285714285714285,6.976744186046512,14.285714285714285,6.976744186046512
p340_134,That was one very hard game., That was one very hard game.,0.0,0.0,0.0,0.0
p340_135,He said something in his work., He said something in his work.,0.0,0.0,0.0,0.0
p340_136,I recommend a tour., I recommend a toy.,25.0,10.526315789473683,25.0,15.789473684210526
p340_137,This research is extremely promising., This research is extremely promising.,0.0,0.0,0.0,0.0
p340_138,I was invited to work in Germany., I was invited to work in Germany.,0.0,0.0,0.0,0.0
p340_139,"Weather conditions were good, he added."," Where the conditions were good, he added.",33.33333333333333,12.82051282051282,50.0,38.46153846153847
p340_140,Don't hold your breath., Don't hold your breath.,0.0,0.0,0.0,0.0
p340_141,He was shaking like a leaf., He was shaking like a leaf.,0.0,0.0,0.0,0.0
p340_142,I have a moral dilemma., I have a moral dilemma.,0.0,0.0,0.0,0.0
p340_143,It looks like a hit., It looks like a hit.,0.0,0.0,0.0,0.0
p340_144,How did he know?, How did he know?,0.0,0.0,0.0,0.0
p340_145,He will have to live with his words., He will have to live with his words.,0.0,0.0,0.0,0.0
p340_146,Openness is always the best way., Openness is always the best way.,0.0,0.0,0.0,0.0
p340_147,It added to the spectacle., It added to the spectacle.,0.0,0.0,0.0,0.0
p340_148,They are working very well., They're working very well.,40.0,7.4074074074074066,40.0,37.03703703703704
p340_149,And he listens to his artists as well., and who listens to his artists as well.,25.0,7.894736842105263,12.5,23.684210526315788
p340_150,He is advised that he has done so., He is advised that he has done so.,0.0,0.0,0.0,0.0
p340_151,"Annika is very, very fit.", Anika is very very fit.,40.0,8.0,40.0,48.0
p340_152,This is not quite right., This is not quite right.,0.0,0.0,0.0,0.0
p340_153,It really is tremendous., It really is tremendous.,0.0,0.0,0.0,0.0
p340_154,I've never regretted my decision., I've never regretted my decision.,0.0,0.0,0.0,0.0
p340_155,This is a recipe for disaster., This is a recipe for disaster.,0.0,0.0,0.0,0.0
p340_156,The wind was coming from all directions., The wind was coming from all directions.,0.0,0.0,0.0,0.0
p340_157,So we started building a home., So we started building a home.,0.0,0.0,0.0,0.0
p340_158,He was as good as his word., He was as good as his word.,0.0,0.0,0.0,0.0
p340_159,It will not happen overnight., It will not happen ever nice.,40.0,17.24137931034483,40.0,41.37931034482759
p340_160,Surely it can't get any worse.," Sure, I can't get any worse.",33.33333333333333,13.333333333333334,50.0,40.0
p340_161,He has to learn., He has to learn.,0.0,0.0,0.0,0.0
p340_162,"He, too, will return.", He too will return.,50.0,9.523809523809524,0.0,47.61904761904761
p340_163,What then is wrong?, What then is wrong?,0.0,0.0,0.0,0.0
p340_164,My brother is not like that., My brother is not like that.,0.0,0.0,0.0,0.0
p340_165,He was very fit., He was very fit.,0.0,0.0,0.0,0.0
p340_166,It was very exciting., It was very exciting.,0.0,0.0,0.0,0.0
p340_167,It is clear that change is required., It is clear that change is required.,0.0,0.0,0.0,0.0
p340_168,They did a very good job., They did a very good job.,0.0,0.0,0.0,0.0
p340_169,It has been a waste of time., It has been a waste of time.,0.0,0.0,0.0,0.0
p340_170,"As far as we're concerned, the matter is closed."," As far as we are concerned, the matter is closed.",22.22222222222222,4.166666666666666,22.22222222222222,12.5
p340_171,He had no previous convictions., He had no previous convictions.,0.0,0.0,0.0,0.0
p340_172,It is no more than a shell., It is no more than a shell.,0.0,0.0,0.0,0.0
p340_173,And did they have sex?, And did they have sex?,0.0,0.0,0.0,0.0
p340_174,But he was a really nice man., But he was a really nice mum.,14.285714285714285,6.896551724137931,14.285714285714285,6.896551724137931
p340_175,It was very close., It was very close.,0.0,0.0,0.0,0.0
p340_176,It should be scrapped., It should be scrapped.,0.0,0.0,0.0,0.0
p340_177,It gives us hope., It gives us hope.,0.0,0.0,0.0,0.0
p340_178,We can't determine that clearly., We can't determine that clearly.,0.0,0.0,0.0,0.0
p340_179,They are just trying to cover up., They are just trying to cover up.,0.0,0.0,0.0,0.0
p340_180,Are you the man from The Herald?, Are you the man from the Herald?,14.285714285714285,3.125,0.0,3.125
p340_181,And that's it?, And that's it.,33.33333333333333,7.142857142857142,0.0,7.142857142857142
p340_182,I came here this week to work., I came here this week to work.,0.0,0.0,0.0,0.0
p340_183,We are really good friends., We are really good friends.,0.0,0.0,0.0,0.0
p340_184,But that is not an issue for now., But that is not an issue for an A.,25.0,9.090909090909092,25.0,18.181818181818183
p340_185,Of course the ending was fantastic., Of course the ending was fantastic.,0.0,0.0,0.0,0.0
p340_186,I want to be frank., I want to be frank.,0.0,0.0,0.0,0.0
p340_187,This was an option from the beginning., This was an option from the beginning.,0.0,0.0,0.0,0.0
p340_188,Clearly he is keeping in touch., Clearly he is keeping in touch.,0.0,0.0,0.0,0.0
p340_189,Yet it seemed to work.," Yeah, it seemed to work.",20.0,13.636363636363635,40.0,36.36363636363637
p340_190,I think it was just a tragic accident., I think it was just a tragic accident.,0.0,0.0,0.0,0.0
p340_191,We haven't been able to go and see., We have been able to go and see.,12.5,8.571428571428571,12.5,8.571428571428571
p340_192,"It works, as well.", It works as well.,25.0,5.555555555555555,0.0,5.555555555555555
p340_193,I can't say anything., I can't say anything.,0.0,0.0,0.0,0.0
p340_194,I would be interested in another attempt., I'll be interested in another attempt.,28.57142857142857,12.195121951219512,28.57142857142857,12.195121951219512
p340_195,"However, that is a sizeable if."," However, that is a sizable if.",16.666666666666664,3.225806451612903,16.666666666666664,16.129032258064516
p340_196,There is no other way., There was no other way.,20.0,9.090909090909092,20.0,13.636363636363635
p340_197,This was all well and good., This is all well and good.,16.666666666666664,7.4074074074074066,16.666666666666664,11.11111111111111
p340_198,This is a disaster for us., This is a disaster for us.,0.0,0.0,0.0,0.0
p340_199,What does that mean?, What does that mean?,0.0,0.0,0.0,0.0
p340_200,This is your life., This is your life.,0.0,0.0,0.0,0.0
p340_201,He has seen the past., He has seen the past.,0.0,0.0,0.0,0.0
p340_202,He can be beaten., He can be beaten.,0.0,0.0,0.0,0.0
p340_203,He had been on holiday visiting his grandmother., He had been on holiday visiting his grandmother.,0.0,0.0,0.0,0.0
p340_204,Why does he do it?, Why does he do us?,20.0,11.11111111111111,20.0,11.11111111111111
p340_205,That's my daughter acting., That's my daughter acting.,0.0,0.0,0.0,0.0
p340_206,They are very clever and very dangerous., They are very clever and very dangerous.,0.0,0.0,0.0,0.0
p340_207,It wouldn't matter if he had., It wouldn't matter if he had.,0.0,0.0,0.0,0.0
p340_208,We lost out a little bit., We lost out a little bit.,0.0,0.0,0.0,0.0
p340_209,Hollywood comedy is having a good week., Hollywood comedy is having a good week.,0.0,0.0,0.0,0.0
p340_210,I had just taken it off., I had just taken it off.,0.0,0.0,0.0,0.0
p340_211,The family baton is handed on., The family baton is handed on.,0.0,0.0,0.0,0.0
p340_212,We have to put pressure on Rangers., We have to put pressure on rangers.,14.285714285714285,2.857142857142857,0.0,2.857142857142857
p340_213,It was properly reported to us., It was properly re-reforged to us.,16.666666666666664,16.129032258064516,16.666666666666664,29.03225806451613
p340_214,He was outstanding today - the best player on the park.," He was at sounding today, the best player on the park.",27.27272727272727,12.727272727272727,36.36363636363637,43.63636363636363
p340_215,The seller was not revealed., The seller was not revealed.,0.0,0.0,0.0,0.0
p340_216,Everything happened so quickly., Everything happens so quickly.,25.0,6.451612903225806,25.0,6.451612903225806
p340_217,How can this be?, How can this be?,0.0,0.0,0.0,0.0
p340_218,I am feeling a bit better., I'm feeling a bit better.,33.33333333333333,7.6923076923076925,33.33333333333333,15.384615384615385
p340_219,Everyone here is heartbroken., Everyone here is heartbroken.,0.0,0.0,0.0,0.0
p340_220,"Not so, it seems."," Not so, it seems.",0.0,0.0,0.0,0.0
p340_221,He was also a great man., He was also a great mom.,16.666666666666664,8.333333333333332,16.666666666666664,8.333333333333332
p340_222,We have no further comment to make., We have no further comment to make.,0.0,0.0,0.0,0.0
p340_223,This produces exactly the opposite effect., This produces exactly the opposite effect.,0.0,0.0,0.0,0.0
p340_224,Our thoughts and prayers are with her family., Our thoughts and prayers are with her family.,0.0,0.0,0.0,0.0
p340_225,You have to keep it on the fairways., You have to keep it on the fairways.,0.0,0.0,0.0,0.0
p340_226,"Sub Not Used, McCormick."," sub-not used, McCormick.",75.0,16.666666666666664,50.0,45.83333333333333
p340_227,"So there, we won."," So there, we won.",0.0,0.0,0.0,0.0
p340_228,I don't like to fail., I don't like to fail.,0.0,0.0,0.0,0.0
p340_229,I really didn't think he would., I really didn't think he would.,0.0,0.0,0.0,0.0
p340_230,He may have a long wait., He may have a long ways.,16.666666666666664,8.333333333333332,16.666666666666664,8.333333333333332
p340_231,They have already done that., They have already done that.,0.0,0.0,0.0,0.0
p340_232,"Later, a very different story emerged.", Later a very different story emerged.,16.666666666666664,2.631578947368421,0.0,28.947368421052634
p340_233,So it should be., So it should be.,0.0,0.0,0.0,0.0
p340_234,They didn't find any substance., They didn't find any substance.,0.0,0.0,0.0,0.0
p340_235,It's hard to say., It's hard to say.,0.0,0.0,0.0,0.0
p340_236,Her heart was not in it., Her heart was not in it.,0.0,0.0,0.0,0.0
p340_237,"After all, he is the King of Scotland."," After all, he is the king of Scotland.",12.5,2.631578947368421,0.0,2.631578947368421
p340_238,Is there any prospect of this happening?, Is there any prospect of this happening?,0.0,0.0,0.0,0.0
p340_239,They are now collapsing., They're now collapsing.,50.0,8.333333333333332,50.0,41.66666666666667
p340_240,He had been surprised by the local reaction., He had been surprised by the local reaction.,0.0,0.0,0.0,0.0
p340_241,Government funding is not a problem., Government funding is not a problem.,0.0,0.0,0.0,0.0
p340_242,I'm still an amateur in that sense., I'm still an amateur in that sense.,0.0,0.0,0.0,0.0
p340_243,We just did not want to believe it., We just did not want to believe it.,0.0,0.0,0.0,0.0
p340_244,The medal itself is not that important., The metal itself is not that important.,14.285714285714285,2.564102564102564,14.285714285714285,2.564102564102564
p340_245,"I should think so, too.", I should think so too.,20.0,4.3478260869565215,0.0,4.3478260869565215
p340_246,The time for change is now., The time for change is now.,0.0,0.0,0.0,0.0
p340_247,They deserved to beat us in the replay., They deserve to beat us in the replay.,12.5,2.564102564102564,12.5,2.564102564102564
p340_248,Can they be serious?, Can they be serious?,0.0,0.0,0.0,0.0
p340_249,We've got to get this right., We've got to get this right.,0.0,0.0,0.0,0.0
p340_250,The film was great., The film was great.,0.0,0.0,0.0,0.0
p340_251,I'm just enjoying every match., I'm just enjoying every match.,0.0,0.0,0.0,0.0
p340_252,They set up to win the hole., They said I'm up to win the hole.,28.57142857142857,25.0,28.57142857142857,21.428571428571427
p340_253,I am not a liar., I am not a liar.,0.0,0.0,0.0,0.0
p340_254,Let's make this clear., Let's make this clear.,0.0,0.0,0.0,0.0
p340_255,We also hope to meet the men., We also hope to meet the man.,14.285714285714285,3.4482758620689653,14.285714285714285,3.4482758620689653
p340_256,"It was quite simply, delicious.", It was quite simply delicious.,20.0,3.225806451612903,0.0,3.225806451612903
p340_257,I can't believe it happened., I can't believe it happened.,0.0,0.0,0.0,0.0
p340_258,Thankfully it was cleared up., Thankfully it was cleared up.,0.0,0.0,0.0,0.0
p340_259,The game will be at a football stadium., The game will be at a football stadium.,0.0,0.0,0.0,0.0
p340_260,They were his words., They were his words.,0.0,0.0,0.0,0.0
p340_261,Shelter also supports the reform., Shelter also supports the reform.,0.0,0.0,0.0,0.0
p340_262,The attack was totally out of the blue., The attack was totally out of the blue.,0.0,0.0,0.0,0.0
p340_263,People were very confused., People were very confused.,0.0,0.0,0.0,0.0
p340_264,We've had a lot of adjusting to do., We've had a lot of adjusting to do.,0.0,0.0,0.0,0.0
p340_265,I am very relieved., I am very relieved.,0.0,0.0,0.0,0.0
p340_266,The people have been really friendly., The people have been really friendly.,0.0,0.0,0.0,0.0
p340_267,"It was bound to happen, and it has happened.", It was bound to happen and it has happened.,11.11111111111111,2.272727272727273,0.0,2.272727272727273
p340_268,Aberdeen were difficult to break down., Aberdeen were difficult to break down.,0.0,0.0,0.0,0.0
p340_269,"That, though, is not true.", That though is not true.,40.0,7.6923076923076925,0.0,65.38461538461539
p340_270,I hope he comes back., I hope he comes back.,0.0,0.0,0.0,0.0
p340_271,They made up for it on Saturday., They made up for it on Saturday.,0.0,0.0,0.0,0.0
p340_272,That was our mission., That was our mission.,0.0,0.0,0.0,0.0
p340_273,I am delighted for them., I'm delighted for them.,40.0,8.333333333333332,40.0,16.666666666666664
p340_274,The second half was a different affair., The second half was a different affair.,0.0,0.0,0.0,0.0
p340_275,The scheme has been funded by the Government., This game has been funded by the government.,37.5,13.333333333333334,37.5,31.11111111111111
p340_276,They might be surprised by the response., They might be surprised by the response.,0.0,0.0,0.0,0.0
p340_277,I've done it all., I've done it all.,0.0,0.0,0.0,0.0
p340_278,We have worked well with them for years., We have worked well with them for years.,0.0,0.0,0.0,0.0
p340_279,They've had a good start as well., They've had a good start as well.,0.0,0.0,0.0,0.0
p340_280,The director's a genius., The directors are genius.,50.0,12.5,50.0,16.666666666666664
p340_281,One thing is clear., One thing is clear.,0.0,0.0,0.0,0.0
p340_282,We might never see him again., We might never see him again.,0.0,0.0,0.0,0.0
p340_283,Such as it is., such as it is.,25.0,7.142857142857142,0.0,57.14285714285714
p340_284,The car was just there., The car was just there.,0.0,0.0,0.0,0.0
p340_285,They were very unfair to him., They are very unfair to him.,16.666666666666664,6.896551724137931,16.666666666666664,13.793103448275861
p340_286,I have spoken to my brother., I have spoken to my brother.,0.0,0.0,0.0,0.0
p340_287,And that is very good indeed., And that is very good indeed.,0.0,0.0,0.0,0.0
p340_288,We could have had no new money., We could have had no new money.,0.0,0.0,0.0,0.0
p340_289,It wasn't an easy decision., It wasn't an easy decision.,0.0,0.0,0.0,0.0
p340_290,It wasn't really like that at all., It wasn't really like that at all.,0.0,0.0,0.0,0.0
p340_291,What will happen to them now?, What will happen to them now?,0.0,0.0,0.0,0.0
p340_292,It is set in Paris., It is set in Paris.,0.0,0.0,0.0,0.0
p340_293,The Dream is as hard as they come., The dream is as hard as they come.,12.5,2.941176470588235,0.0,2.941176470588235
p340_294,We are not collecting., We are not collecting.,0.0,0.0,0.0,0.0
p340_295,It shows the right amount of progress., It shows the right amount of progress.,0.0,0.0,0.0,0.0
p340_296,I thought the dancing was over., I thought the dancing was over.,0.0,0.0,0.0,0.0
p340_297,I think they have got it completely right., I think they have got it completely right.,0.0,0.0,0.0,0.0
p340_298,This is excellent news for Glasgow., This is excellent news for Glasgow.,0.0,0.0,0.0,0.0
p340_299,He's already made history., He's already made history.,0.0,0.0,0.0,0.0
p340_300,Police have appealed for witnesses., Police have appealed for witnesses.,0.0,0.0,0.0,0.0
p340_301,There is a lot of fear., There's a lot of fear.,33.33333333333333,8.695652173913043,33.33333333333333,52.17391304347826
p340_302,They are not left wing., They are not left wing.,0.0,0.0,0.0,0.0
p340_303,I've heard it all before., I've read it all before.,20.0,8.0,20.0,12.0
p340_304,We are not there yet., We are not there yet.,0.0,0.0,0.0,0.0
p340_305,We will not give up on the truth., We will not give up on the truth.,0.0,0.0,0.0,0.0
p340_306,"Sub Not Used, McCall."," Sub not used, McCall.",50.0,9.523809523809524,0.0,9.523809523809524
p340_307,Now they had it., Now they had us.,25.0,12.5,25.0,12.5
p340_308,She died a few days later., She died a few days later.,0.0,0.0,0.0,0.0
p340_309,What is their concern?, What is that concern?,25.0,13.636363636363635,25.0,13.636363636363635
p340_310,The difference was amazing., The difference was amazing.,0.0,0.0,0.0,0.0
p340_311,That is why we are here., That is why we are here.,0.0,0.0,0.0,0.0
p340_312,But it is historic., But it is historic.,0.0,0.0,0.0,0.0
p340_313,You have to feel for the guy., You have to feel for the guy.,0.0,0.0,0.0,0.0
p340_314,I have still to hear about that., I have still to hear about that.,0.0,0.0,0.0,0.0
p340_315,I'm going to win the next two., I'm going to win the next two.,0.0,0.0,0.0,0.0
p340_316,You know it was good fun., You know it was good fun.,0.0,0.0,0.0,0.0
p340_317,They want that school., They want that school.,0.0,0.0,0.0,0.0
p340_318,They have not changed at all., They have not changed at all.,0.0,0.0,0.0,0.0
p340_319,"One is investment, one is reform."," One is investment, one is reform.",0.0,0.0,0.0,0.0
p340_320,The last few weeks have been really bad., The last few weeks have been really bad.,0.0,0.0,0.0,0.0
p340_321,Structural changes will never be enough., Structural changes will never be enough.,0.0,0.0,0.0,0.0
p340_322,I am extremely cautious., I am extremely cautious.,0.0,0.0,0.0,0.0
p340_323,That was always the danger., That was always the danger.,0.0,0.0,0.0,0.0
p340_324,Will they fall in love?, Will they fall in love?,0.0,0.0,0.0,0.0
p340_325,There was nothing sinister in that., There was nothing sinister in that.,0.0,0.0,0.0,0.0
p340_326,But don't just take my word for it., But don't just take my word first.,25.0,8.571428571428571,25.0,20.0
p340_327,Is that what it's about?, Is that what it's about?,0.0,0.0,0.0,0.0
p340_328,And the audience is a surprise., And the audience is a surprise.,0.0,0.0,0.0,0.0
p340_329,They worked on it for three hours., They worked on it for three hours.,0.0,0.0,0.0,0.0
p340_330,Let's make him a show., Let's make him a show.,0.0,0.0,0.0,0.0
p340_331,I'd never heard anything like it before., I'd never heard anything like it before.,0.0,0.0,0.0,0.0
p340_332,People are using it in their daily lives., People are using it in their daily lives.,0.0,0.0,0.0,0.0
p340_333,It seemed so personal., It seems so personal.,25.0,9.090909090909092,25.0,9.090909090909092
p340_334,Would that be for men and women?, What's up for men and women?,42.857142857142854,31.25,42.857142857142854,31.25
p340_335,The government agreed to pay., The government agreed to pay.,0.0,0.0,0.0,0.0
p340_336,I think we have got the balance right., I think we have got a balanced rice.,37.5,18.421052631578945,37.5,21.052631578947366
p340_337,It was a very terrible thing., It was a very terrible thing.,0.0,0.0,0.0,0.0
p340_338,Let's not take too much for granted., Let's not take too much for granted.,0.0,0.0,0.0,0.0
p340_339,It has been an extremely long haul., It has been an extremely long haul.,0.0,0.0,0.0,0.0
p340_340,I'll need to discuss it with my family., I'll need to discuss it with my family.,0.0,0.0,0.0,0.0
p340_341,She is deeply distressed., She is deeply distressed.,0.0,0.0,0.0,0.0
p340_342,They should have listened to me., They should have listened to me.,0.0,0.0,0.0,0.0
p340_343,"Well, there can be no complaints about this one."," Well, there can be no complaints about this one.",0.0,0.0,0.0,0.0
p340_344,They said they would., They said they would.,0.0,0.0,0.0,0.0
p340_345,When will this change?, When will this change?,0.0,0.0,0.0,0.0
p340_346,You know the score., You know the score.,0.0,0.0,0.0,0.0
p340_347,It was like someone had died., It was like someone had died.,0.0,0.0,0.0,0.0
p340_348,I am an innocent man., I am an innocent man.,0.0,0.0,0.0,0.0
p340_349,The improvement today was fantastic., The improvement today was fantastic.,0.0,0.0,0.0,0.0
p340_350,He has been under great pressure., He has been under great pressure.,0.0,0.0,0.0,0.0
p340_351,I'm looking forward to coming home., I'm looking forward to coming home.,0.0,0.0,0.0,0.0
p340_352,She is also claiming constructive and unfair dismissal., She is also claiming constructive and unfair dismissal.,0.0,0.0,0.0,0.0
p340_353,Our Great Depression is our lives., Our Great Depression is our lives.,0.0,0.0,0.0,0.0
p340_354,He was elected as a councillor last year., He was elected as a Councillor last year.,12.5,2.4390243902439024,0.0,2.4390243902439024
p340_355,I just did not cope with the pressure., I just did not cope with the pressure.,0.0,0.0,0.0,0.0
p340_356,But he did not appear., But he did not appear.,0.0,0.0,0.0,0.0
p340_357,So he was anxious to try something new., So it was anxious to try something new.,12.5,5.128205128205128,12.5,5.128205128205128
p340_358,The time was right., The time was rise.,25.0,15.789473684210526,25.0,21.052631578947366
p340_359,It all happened so quickly., It all happened so quickly.,0.0,0.0,0.0,0.0
p340_360,It is working well., It is working well.,0.0,0.0,0.0,0.0
p340_361,They really want to do it., They really want to do it.,0.0,0.0,0.0,0.0
p340_362,He said nothing of the sort., He said nothing of the source.,16.666666666666664,10.714285714285714,16.666666666666664,17.857142857142858
p340_363,Governments will have to respond., Governments will have to respond.,0.0,0.0,0.0,0.0
p340_364,It simply doesn't happen., It simply doesn't happen.,0.0,0.0,0.0,0.0
p340_365,We wanted to do something different., We wanted to do something different.,0.0,0.0,0.0,0.0
p340_366,"The past is history, not destiny."," The past is history, not destiny.",0.0,0.0,0.0,0.0
p340_367,I love it here., I love it here.,0.0,0.0,0.0,0.0
p340_368,Things are on track., Thanks for on track.,50.0,25.0,75.0,75.0
p340_369,Frankly it was disgusting., Frankly it was disgusting.,0.0,0.0,0.0,0.0
p340_370,It is a tragedy for the area., It is a tragedy for the area.,0.0,0.0,0.0,0.0
p340_371,He was not entirely correct., He was not entirely correct.,0.0,0.0,0.0,0.0
p340_372,I'm sorry if any offence has been caused., I'm sorry if any offense has been caused.,12.5,2.4390243902439024,12.5,2.4390243902439024
p340_373,War is not the action., War is not the action.,0.0,0.0,0.0,0.0
p340_374,There are not enough of them., There are not enough of them.,0.0,0.0,0.0,0.0
p340_375,It has been a frustrating one., It has been a frustrating one.,0.0,0.0,0.0,0.0
p340_376,"Sadly, it took a tragedy to change things."," Sadly, it took a tragedy to change things.",0.0,0.0,0.0,0.0
p340_377,But we wouldn't want them any other way., but we wouldn't want them any other way.,12.5,2.5,0.0,15.0
p340_378,What's in a name?, What's in a name?,0.0,0.0,0.0,0.0
p340_379,It feels like a winner already., It feels like a winner already.,0.0,0.0,0.0,0.0
p340_380,They are expected to be released today., They are expected to be released today.,0.0,0.0,0.0,0.0
p340_381,There was no question of him not impressing., There is no question of him not impressing.,12.5,4.545454545454546,12.5,6.8181818181818175
p340_382,We were all afraid., We were all afraid.,0.0,0.0,0.0,0.0
p340_383,I hadn't had that before., I hadn't had that before.,0.0,0.0,0.0,0.0
p340_384,We have a plan in place., We have a plan in place.,0.0,0.0,0.0,0.0
p340_385,That is to miss the point., That is to miss the point.,0.0,0.0,0.0,0.0
p340_386,It will be a new experience., It will be a new experience.,0.0,0.0,0.0,0.0
p340_387,I didn't see it., I didn't see it.,0.0,0.0,0.0,0.0
p340_388,Scotland has lost a great religious leader., Scotland has lost a great religious leader.,0.0,0.0,0.0,0.0
p340_389,IT had to happen., It had to happen.,25.0,5.88235294117647,0.0,23.52941176470588
p340_390,It is a challenge for all of us., It is a challenge for all of us.,0.0,0.0,0.0,0.0
p340_391,The children are fine., The children are fine.,0.0,0.0,0.0,0.0
p340_392,I don't believe in God., I don't believe in God.,0.0,0.0,0.0,0.0
p340_393,There's also the point., There's also the point.,0.0,0.0,0.0,0.0
p340_394,It's good to be back., It's good to be back.,0.0,0.0,0.0,0.0
p340_395,It wasn't the second one., It wasn't the second one.,0.0,0.0,0.0,0.0
p340_396,He got his degree., He got his degree.,0.0,0.0,0.0,0.0
p340_397,And rugby fans can help., And rugby funds can help.,20.0,8.333333333333332,20.0,12.5
p340_398,Detectives are still working on the case., Detectives are still working on the case.,0.0,0.0,0.0,0.0
p340_399,I reported it but nothing was done.," I apporeted it, but nothing was done.",28.57142857142857,11.428571428571429,14.285714285714285,20.0
p340_400,They were not defeated., They were not defeated.,0.0,0.0,0.0,0.0
p340_401,There was much to be positive about., There was much to be positive about.,0.0,0.0,0.0,0.0
p340_402,It wants them to go home., It wants them to go home.,0.0,0.0,0.0,0.0
p340_403,I had a ball today., I had a ball today.,0.0,0.0,0.0,0.0
p340_404,Yet the improvement in behaviour was huge., Yet the improvement in behavior was huge.,14.285714285714285,2.380952380952381,14.285714285714285,4.761904761904762
p340_405,He said no survivors had been found., He said no survivors have been found.,14.285714285714285,5.555555555555555,14.285714285714285,5.555555555555555
p340_406,It is the end of an era., It is the end of an era.,0.0,0.0,0.0,0.0
p340_407,We shall not do that., We shall not do that.,0.0,0.0,0.0,0.0
p340_408,"My daughter was really, really innocent."," My daughter was really, really innocent.",0.0,0.0,0.0,0.0
p340_409,It will not be easy., It will not be easy.,0.0,0.0,0.0,0.0
p340_410,"Once again, he refused."," Once again, he refused.",0.0,0.0,0.0,0.0
p340_411,And it will be a challenge., and it will be a challenge.,16.666666666666664,3.7037037037037033,0.0,22.22222222222222
p340_412,And Scotland is no different., Scotland is no different.,20.0,13.793103448275861,20.0,10.344827586206897
p340_413,The power of religion is so strong., The power of religion is so strong.,0.0,0.0,0.0,0.0
p340_414,It means a huge amount., It means a huge amount.,0.0,0.0,0.0,0.0
p340_415,There are two interests in this woodland., There are two interests in this woodland.,0.0,0.0,0.0,0.0
p340_416,I was frustrated here., I was frustrated here.,0.0,0.0,0.0,0.0
p340_417,It is a good result., It is a good result.,0.0,0.0,0.0,0.0
p340_418,Are you watching Liverpool?, Are you watching Riverville?,25.0,18.51851851851852,25.0,22.22222222222222
p340_419,I'll never think of myself as a star., I'll never think of myself as a star.,0.0,0.0,0.0,0.0
p340_420,It was one New Year., It was one new year.,40.0,10.0,0.0,10.0
p340_421,We made a world record together., We made a world record together.,0.0,0.0,0.0,0.0
p340_422,Our policy is already working well., Our policy is already working well.,0.0,0.0,0.0,0.0
p340_423,I believe we have a good chance., I believe we have a good chance.,0.0,0.0,0.0,0.0
p340_424,Things were not easy from the outset., Things were not easy from the outset.,0.0,0.0,0.0,0.0
p340_001,Please call Stella., Please call stella,33.33333333333333,10.526315789473683,0.0,10.526315789473683
p340_002,Ask her to bring these things with her from the store., ask her to bring these things with her from the store,18.181818181818183,3.7037037037037033,0.0,12.962962962962962
p340_003,"Six spoons of fresh snow peas, five thick slabs of blue cheese, and maybe a snack for her brother Bob."," 6 spoons of fresh snow peas, five thick stabs of blue cheese, and maybe a snack for her brother, blup",20.0,8.823529411764707,20.0,9.803921568627452
p340_004,We also need a small plastic snake and a big toy frog for the kids., We also need a small plastic snake and a big toy frog for the kids,6.666666666666667,1.4925373134328357,0.0,1.4925373134328357
p340_005,"She can scoop these things into three red bags, and we will go meet her Wednesday at the train station.", She can scoop these things into three robites and we will go meet her Wednesday at the train station,15.0,7.766990291262135,10.0,11.650485436893204
p340_006,"When the sunlight strikes the raindrops in the air, they act as a prism and form a rainbow."," When the sunlight strikes the raindrops in the air, the actors are prism and former rainbow",38.88888888888889,8.791208791208792,33.33333333333333,26.373626373626376
p340_007,The rainbow is a division of white light into many beautiful colors., The rainbow is a division of white light into many beautiful colours,8.333333333333332,2.941176470588235,8.333333333333332,4.411764705882353
p340_008,"These take the shape of a long round arch, with its path high above, and its two ends apparently beyond the horizon."," These take the shape of a long, round arch, with its path high above, and its two ends apparently beyond the horizon",9.090909090909092,1.7241379310344827,0.0,1.7241379310344827
p340_009,"There is , according to legend, a boiling pot of gold at one end."," There is , according to legend, a boiling pot of gold at one end",7.142857142857142,1.5384615384615385,0.0,1.5384615384615385
p340_010,"People look, but no one ever finds it."," People look, but no one ever finds it",12.5,2.631578947368421,0.0,2.631578947368421
p340_011,"When a man looks for something beyond his reach, his friends say he is looking for the pot of gold at the end of the rainbow."," When a man looks for something beyond his reach, his friend say he is looking for the pot of gold at the end of the rainbow",7.6923076923076925,1.6,3.8461538461538463,1.6
p340_012,Throughout the centuries people have explained the rainbow in various ways.," Throughout the centuries, people have explained the rainbow in various ways",18.181818181818183,2.666666666666667,0.0,2.666666666666667
p340_013,Some have accepted it as a miracle without physical explanation., Some have accepted it is a miracle without physical explanation,20.0,3.125,10.0,3.125
p340_014,To the Hebrews it was a token that there would be no more universal floods.," To the Hebrews, it was a token that there would be no more universal floods",13.333333333333334,2.666666666666667,0.0,2.666666666666667
p340_015,The Greeks used to imagine that it was a sign from the gods to foretell war or heavy rain.," The Greeks used to imagine that it was a sign from the gods to foretell war, or heavy rain",10.526315789473683,2.2222222222222223,0.0,2.2222222222222223
p340_016,The Norsemen considered the rainbow as a bridge over which the gods passed from earth to their home in the sky., The north one considered the rainbow as a bridge over which the gods passed from earth to their home in the sky,14.285714285714285,6.306306306306306,9.523809523809524,9.00900900900901
p340_017,Others have tried to explain this phenomenon physically., As have tried to explain this phenomenon physically,25.0,10.714285714285714,25.0,16.071428571428573
p340_018,Aristotle thought that the rainbow was caused by reflection of the sun's rays by the rain., iris dot all thought that the rainbow was caused by reflection of the suns raised by the rain,37.5,12.222222222222221,37.5,27.77777777777778
p340_019,"Since then physicists have found that it is not reflection, but refraction by the raindrops which causes the rainbows."," Since then, physicists have found that it is not reflection, but refraction by the rangers, which causes the rangers",15.789473684210526,10.16949152542373,10.526315789473683,11.864406779661017
p340_020,Many complicated ideas about the rainbow have been formed., Many complicated ideas about the rainbow have been formed,11.11111111111111,1.7241379310344827,0.0,1.7241379310344827
p340_021,"The difference in the rainbow depends considerably upon the size of the drops, and the width of the colored band increases as the size of the drops increases."," The difference in the rainbow depends considerably upon the size of the drops, and the width of the coloured band increases as the size of the drops increases",7.142857142857142,1.2658227848101267,3.571428571428571,3.1645569620253164
p340_022,The actual primary rainbow observed is said to be the effect of super-imposition of a number of bows., The actual primary rainbow observed is said to be the effect of superimposition of a number of bows,11.11111111111111,1.9801980198019802,5.555555555555555,11.881188118811881
p340_024,"This is a very common type of bow, one showing mainly red and yellow, with little or no green or blue."," This is a very common type of foe, one showing mainly red and yellow, with little or no green or blue",9.523809523809524,2.941176470588235,4.761904761904762,2.941176470588235
p340_025,It would be nice., It would be nice,25.0,5.88235294117647,0.0,5.88235294117647
p340_026,We are not prepared to do that., We are not prepared to do that,14.285714285714285,3.225806451612903,0.0,3.225806451612903
p340_027,We've just decided to do something about it., We have just decided to do something about it,37.5,9.090909090909092,37.5,27.27272727272727
p340_028,It's a horrific incident., its a horrific incident,50.0,12.0,50.0,32.0
p340_029,But it's not just about that., But its not just about that,33.33333333333333,6.896551724137931,16.666666666666664,10.344827586206897
p340_030,We've not won anything yet., We have not won anything yet,60.0,14.814814814814813,60.0,44.44444444444444
p340_031,He was very close., He was very close,25.0,5.555555555555555,0.0,5.555555555555555
p340_032,But someone has to take them., But someone has to take them,16.666666666666664,3.4482758620689653,0.0,3.4482758620689653
p340_033,We don't find any danger from them., We dont find any danger from them,28.57142857142857,5.714285714285714,14.285714285714285,8.571428571428571
p340_034,Do you think they would do any better?, Do you think they would do any better?,0.0,0.0,0.0,0.0
p340_035,"They were appalling, disgraceful."," They are appalling, disgraceful",50.0,9.090909090909092,25.0,15.151515151515152
p340_036,Who was that?, Who is that?,33.33333333333333,15.384615384615385,33.33333333333333,23.076923076923077
p340_037,"There was only one problem, the teacher was still there!"," There is only one problem, the teacher is still there",30.0,8.928571428571429,20.0,12.5
p340_038,This is my personal assessment., This is my personal assessment,20.0,3.225806451612903,0.0,3.225806451612903
p340_039,It is a recipe for success., It is a recipe for success,16.666666666666664,3.7037037037037033,0.0,3.7037037037037033
p340_040,You've got to have everything inside with you., You've got to have everything inside with you,12.5,2.1739130434782608,0.0,2.1739130434782608
p340_041,We didn't deserve to win., We didnt deserve to win,40.0,8.0,20.0,12.0
p340_042,This is great news., This is great news,25.0,5.263157894736842,0.0,5.263157894736842
p340_043,We can hardly talk about it., We can hardly talk about it,16.666666666666664,3.571428571428571,0.0,3.571428571428571
p340_044,That was a month ago., That was a month ago,20.0,4.761904761904762,0.0,4.761904761904762
p340_045,I have lost all confidence., i have lost all confidence,40.0,7.4074074074074066,0.0,11.11111111111111
p340_046,It would be another reason to live., It will be another reason to live,28.57142857142857,11.428571428571429,14.285714285714285,11.428571428571429
p340_047,I felt under a lot of pressure., i felt under a lot of pressure,28.57142857142857,6.451612903225806,0.0,9.67741935483871
p340_048,None of the pieces was commissioned., None of the pieces was commissioned,16.666666666666664,2.7777777777777777,0.0,2.7777777777777777
p340_049,It is somewhere to be., It is somewhere to be,20.0,4.545454545454546,0.0,4.545454545454546
p340_050,But it was no problem., But it was no problem,20.0,4.545454545454546,0.0,4.545454545454546
p340_051,This has been a difficult time for me., This has been a difficult time for me,12.5,2.631578947368421,0.0,2.631578947368421
p340_052,These people are not big names., These people are not big names,16.666666666666664,3.225806451612903,0.0,3.225806451612903
p340_053,Don't you believe it., Don't she believe it?,50.0,19.047619047619047,25.0,19.047619047619047
p340_054,I certainly think it's very short-sighted., i certainly think its very short-sided,50.0,14.285714285714285,33.33333333333333,23.809523809523807
p340_055,We did something about it., We did something about it,20.0,3.8461538461538463,0.0,3.8461538461538463
p340_056,Where is the money coming from?, Where is the money coming from?,0.0,0.0,0.0,0.0
p340_057,It needs a rethink., It needs a rethink,25.0,5.263157894736842,0.0,5.263157894736842
p340_058,Why does it work?, Why does it work?,0.0,0.0,0.0,0.0
p340_059,He would have been wrong., He would have been wrong,20.0,4.0,0.0,4.0
p340_060,"He played really, really well."," He played really, really well",20.0,3.3333333333333335,0.0,3.3333333333333335
p340_061,He was right of course.," He was right, of course",40.0,8.695652173913043,0.0,8.695652173913043
p340_062,It's there for people to look at., its there for people to look at,28.57142857142857,9.090909090909092,28.57142857142857,24.242424242424242
p340_063,"Together, we can make a difference.", Together we can make a difference,33.33333333333333,5.714285714285714,0.0,51.42857142857142
p340_064,"That, however, was the exception."," That, however, was the exception",20.0,3.0303030303030303,0.0,3.0303030303030303
p340_065,This has been a long process., This has been a long process,16.666666666666664,3.4482758620689653,0.0,3.4482758620689653
p340_066,"It's a lovely, lovely film."," its a lovely, lovely film",40.0,11.11111111111111,40.0,29.629629629629626
p340_067,It's probably just as well., its probably just as well,40.0,11.11111111111111,40.0,29.629629629629626
p340_068,It is time for the talking to stop., It is time for the talking to stop,12.5,2.857142857142857,0.0,2.857142857142857
p340_069,We were very close., We were very close,25.0,5.263157894736842,0.0,5.263157894736842
p340_070,If only it were so., If only it were so,20.0,5.263157894736842,0.0,5.263157894736842
p340_071,They do not deliver., They do not deliver,25.0,5.0,0.0,5.0
p340_072,"However, that is just for starters."," However, that is just for starters",16.666666666666664,2.857142857142857,0.0,2.857142857142857
p340_073,This can be extreme., This can be extreme,25.0,5.0,0.0,5.0
p340_074,I'm sure that they will learn., I am sure that they will learn,50.0,10.0,50.0,23.333333333333332
p340_075,Would she remember the music?, What do you remember the music?,60.0,27.586206896551722,80.0,44.827586206896555
p340_076,There was still more disquiet in Israel., There is still more disgrace in israel,42.857142857142854,22.5,28.57142857142857,25.0
p340_077,Two options are being proposed., Two options are being proposed,20.0,3.225806451612903,0.0,3.225806451612903
p340_078,Mr Masterton said he was very hopeful., mr. Masterton said he was very hopeful,28.57142857142857,7.894736842105263,0.0,15.789473684210526
p340_079,He is now back in Britain., He is now back in Britain,16.666666666666664,3.8461538461538463,0.0,3.8461538461538463
p340_080,There was no commission., There is no commission,50.0,12.5,25.0,16.666666666666664
p340_081,There was a vacuum., There is a vacuum,50.0,15.789473684210526,25.0,21.052631578947366
p340_082,It is time to be realistic., It is time to be realistic,16.666666666666664,3.7037037037037033,0.0,3.7037037037037033
p340_083,Everyone in front of me was dead., Evan in front of me was dead,28.57142857142857,18.181818181818183,28.57142857142857,39.39393939393939
p340_084,"Willie deserved it, for what he has achieved."," Will he deserved it, for what he has achieved?",37.5,6.666666666666667,37.5,28.888888888888886
p340_085,It is a potential danger., It is a potential danger,20.0,4.0,0.0,4.0
p340_086,I've thought a lot about the Commonwealths., I have thought a lot about the commonwealths,42.857142857142854,11.627906976744185,42.857142857142854,25.581395348837212
p340_087,But we never wanted to do that here., but we never wanted to do that here,25.0,5.555555555555555,0.0,19.444444444444446
p340_088,There was no hint of scandal., There is no hint of scandal,33.33333333333333,10.344827586206897,16.666666666666664,13.793103448275861
p340_089,The money will go straight to the headteacher., The money will go straight to the head teacher,25.0,4.3478260869565215,25.0,32.608695652173914
p340_090,"He said, we're delighted by the vote."," He said, we are delighted by the vote",42.857142857142854,8.108108108108109,28.57142857142857,18.91891891891892
p340_091,It could be to do with the location., It could be to do with the location,12.5,2.7777777777777777,0.0,2.7777777777777777
p340_092,This is a terrible tragedy., This is a terrible tragedy,20.0,3.7037037037037033,0.0,3.7037037037037033
p340_093,The teenager had been missing for six months., The teenager had been missing for six months,12.5,2.2222222222222223,0.0,2.2222222222222223
p340_094,I'm delighted to be coming back home., i am delighted to be coming back home,42.857142857142854,10.81081081081081,42.857142857142854,18.91891891891892
p340_095,He said he never saw it., He said he never saw us,16.666666666666664,12.5,16.666666666666664,12.5
p340_096,It is a matter of clarity., It is a matter of clarity,16.666666666666664,3.8461538461538463,0.0,3.8461538461538463
p340_097,You will never get a conviction., You will never get a conviction,16.666666666666664,3.125,0.0,3.125
p340_098,He did not have to stop and think., He did not have to stop and think,12.5,2.941176470588235,0.0,2.941176470588235
p340_099,We deserved to win it., We deserved to win it,20.0,4.545454545454546,0.0,4.545454545454546
p340_100,Or did it?, Or did it?,0.0,0.0,0.0,0.0
p340_101,It's just not funny!, its just not funny,50.0,15.0,50.0,40.0
p340_102,His own excitement is never difficult to detect., His own excitement is never difficult to get to attack,37.5,20.833333333333336,37.5,27.083333333333332
p340_103,He almost admitted as much., He almost admitted as much,20.0,3.7037037037037033,0.0,3.7037037037037033
p340_104,So what is the problem?, So what is the problem?,0.0,0.0,0.0,0.0
p340_105,We believe it to be completely without merit., We believe it to be completely with that merit,37.5,11.11111111111111,25.0,31.11111111111111
p340_106,He didn't bother a soul., He didnt bother a soul,40.0,8.333333333333332,20.0,12.5
p340_107,That was my first reaction., That was my first reaction,20.0,3.7037037037037033,0.0,3.7037037037037033
p340_108,Fishing is a declining industry., Fishing is a declining industry,20.0,3.125,0.0,3.125
p340_109,"Another man said, It was horrible.", Another man said it was horrible,50.0,8.823529411764707,0.0,8.823529411764707
p340_110,That's the way it goes., thats the way it goes,40.0,13.043478260869565,40.0,52.17391304347826
p340_111,But we still don't know., But we still dont know,40.0,8.333333333333332,20.0,12.5
p340_112,Are there any he wants to play?, Either any he wants to play,42.857142857142854,19.35483870967742,28.57142857142857,29.03225806451613
p340_113,The film is on a tightrope., The film is on a tightrope,16.666666666666664,3.7037037037037033,0.0,3.7037037037037033
p340_114,It was a question of patience., It was a question of patients,16.666666666666664,10.0,16.666666666666664,10.0
p340_115,I have never been in anything like that., i have never been in anything like that,25.0,5.0,0.0,7.5
p340_116,I have done ever since it was published., i have done ever since it was published,25.0,5.0,0.0,7.5
p340_117,We have got to the top., We have got to the top,16.666666666666664,4.3478260869565215,0.0,4.3478260869565215
p340_118,"In fact, they have the opposite effect."," In fact, they have the opposite effect",14.285714285714285,2.564102564102564,0.0,2.564102564102564
p340_119,"And it worked, so we kept it."," And it worked, so we kept it",14.285714285714285,3.4482758620689653,0.0,3.4482758620689653
p340_120,The king is delighted by the honour., The king is delighted by the honour,14.285714285714285,2.7777777777777777,0.0,2.7777777777777777
p340_121,Johnsen is equally concerned., Johnson is equally concerned,50.0,6.896551724137931,50.0,51.724137931034484
p340_122,My body is clearly capable., My body is clearly capable,20.0,3.7037037037037033,0.0,3.7037037037037033
p340_123,"Yes, we can beat them."," Yes, we can beat them",20.0,4.545454545454546,0.0,4.545454545454546
p340_124,She was not hard done by., She was not hard done by,16.666666666666664,4.0,0.0,4.0
p340_125,They said they were only young men., They said they were only young men,14.285714285714285,2.857142857142857,0.0,2.857142857142857
p340_126,We are in the end game., We are in the end game,16.666666666666664,4.3478260869565215,0.0,4.3478260869565215
p340_127,This is not the case., This is not the case,20.0,4.761904761904762,0.0,4.761904761904762
p340_128,There may be some resistance., There may be some resistance,20.0,3.4482758620689653,0.0,3.4482758620689653
p340_129,It is the same old story., It is the same old story,16.666666666666664,4.0,0.0,4.0
p340_130,You need that freedom in society., You need that freedom in society,16.666666666666664,3.0303030303030303,0.0,3.0303030303030303
p340_131,It is a strong case., It is a strong case,20.0,5.0,0.0,5.0
p340_132,Who do you think will win?, Who do you think will win?,0.0,0.0,0.0,0.0
p340_133,I certainly would not accept this decision., I certainly will not accept this decision,28.57142857142857,9.30232558139535,14.285714285714285,9.30232558139535
p340_134,That was one very hard game., That was one very hard game,16.666666666666664,3.571428571428571,0.0,3.571428571428571
p340_135,He said something in his work., He said something in his work,16.666666666666664,3.3333333333333335,0.0,3.3333333333333335
p340_136,I recommend a tour., i recommend a tour,50.0,10.526315789473683,0.0,15.789473684210526
p340_137,This research is extremely promising., This research is extremely promising,20.0,2.7027027027027026,0.0,2.7027027027027026
p340_138,I was invited to work in Germany., i was invited to work in germany,28.57142857142857,9.090909090909092,0.0,12.121212121212121
p340_139,"Weather conditions were good, he added."," Where the conditions were good, he added",50.0,15.384615384615385,50.0,41.02564102564102
p340_140,Don't hold your breath., Don't hold your breath,25.0,4.3478260869565215,0.0,4.3478260869565215
p340_141,He was shaking like a leaf., He was shaking like a leaf,16.666666666666664,3.7037037037037033,0.0,3.7037037037037033
p340_142,I have a moral dilemma., i have a moral dilemma,40.0,8.695652173913043,0.0,13.043478260869565
p340_143,It looks like a hit., It looks like a hit,20.0,5.0,0.0,5.0
p340_144,How did he know?, How did he know?,0.0,0.0,0.0,0.0
p340_145,He will have to live with his words., He will have to live with his words,12.5,2.7777777777777777,0.0,2.7777777777777777
p340_146,Openness is always the best way., Openness is always the best way,16.666666666666664,3.125,0.0,3.125
p340_147,It added to the spectacle., It added to the spectacle,20.0,3.8461538461538463,0.0,3.8461538461538463
p340_148,They are working very well., They are working very well,20.0,3.7037037037037033,0.0,3.7037037037037033
p340_149,And he listens to his artists as well., And he listened to his artists as well,25.0,7.894736842105263,12.5,7.894736842105263
p340_150,He is advised that he has done so., He is advised that he has done so,12.5,2.941176470588235,0.0,2.941176470588235
p340_151,"Annika is very, very fit."," annika is very, very fit",40.0,8.0,0.0,52.0
p340_152,This is not quite right., This is not quite right,20.0,4.166666666666666,0.0,4.166666666666666
p340_153,It really is tremendous., It really is tremendous,25.0,4.166666666666666,0.0,4.166666666666666
p340_154,I've never regretted my decision., i have never regretted my decision,60.0,15.151515151515152,60.0,30.303030303030305
p340_155,This is a recipe for disaster., This is a recipe for disaster,16.666666666666664,3.3333333333333335,0.0,3.3333333333333335
p340_156,The wind was coming from all directions., The wind was coming from all directions,14.285714285714285,2.5,0.0,2.5
p340_157,So we started building a home., So we started building a home,16.666666666666664,3.3333333333333335,0.0,3.3333333333333335
p340_158,He was as good as his word., He was as good as his word,14.285714285714285,3.7037037037037033,0.0,3.7037037037037033
p340_159,It will not happen overnight., It will not happen ever night,40.0,10.344827586206897,40.0,41.37931034482759
p340_160,Surely it can't get any worse., sure they can't get any worse,50.0,23.333333333333332,50.0,50.0
p340_161,He has to learn., He has to learn,25.0,6.25,0.0,6.25
p340_162,"He, too, will return."," He, too, will return",25.0,4.761904761904762,0.0,4.761904761904762
p340_163,What then is wrong?, What then is wrong?,0.0,0.0,0.0,0.0
p340_164,My brother is not like that., My brother is not like that,16.666666666666664,3.571428571428571,0.0,3.571428571428571
p340_165,He was very fit., He was very fit,25.0,6.25,0.0,6.25
p340_166,It was very exciting., It was very exciting,25.0,4.761904761904762,0.0,4.761904761904762
p340_167,It is clear that change is required., It is clear that change is required,14.285714285714285,2.7777777777777777,0.0,2.7777777777777777
p340_168,They did a very good job., They did a very good job,16.666666666666664,4.0,0.0,4.0
p340_169,It has been a waste of time., It has been a waste of time,14.285714285714285,3.571428571428571,0.0,3.571428571428571
p340_170,"As far as we're concerned, the matter is closed."," As far as we are concerned, the matter is closed",33.33333333333333,6.25,22.22222222222222,14.583333333333334
p340_171,He had no previous convictions., He had no previous convictions,20.0,3.225806451612903,0.0,3.225806451612903
p340_172,It is no more than a shell., It is no more than a shell,14.285714285714285,3.7037037037037033,0.0,3.7037037037037033
p340_173,And did they have sex?, And did they have sex?,0.0,0.0,0.0,0.0
p340_174,But he was a really nice man., But he was a really nice man,14.285714285714285,3.4482758620689653,0.0,3.4482758620689653
p340_175,It was very close., It was very close,25.0,5.555555555555555,0.0,5.555555555555555
p340_176,It should be scrapped., It should be scrapped,25.0,4.545454545454546,0.0,4.545454545454546
p340_177,It gives us hope., It gives us hope,25.0,5.88235294117647,0.0,5.88235294117647
p340_178,We can't determine that clearly., We can't determine that clearly,20.0,3.125,0.0,3.125
p340_179,They are just trying to cover up., They are just trying to cover up,14.285714285714285,3.0303030303030303,0.0,3.0303030303030303
p340_180,Are you the man from The Herald?, Are you the man from the Herald?,14.285714285714285,3.125,0.0,3.125
p340_181,And that's it?, And thats it?,33.33333333333333,7.142857142857142,33.33333333333333,14.285714285714285
p340_182,I came here this week to work., i came here this week to work,28.57142857142857,6.666666666666667,0.0,10.0
p340_183,We are really good friends., We are really good friends,20.0,3.7037037037037033,0.0,3.7037037037037033
p340_184,But that is not an issue for now., But that is not an issue for an A,25.0,12.121212121212121,25.0,15.151515151515152
p340_185,Of course the ending was fantastic., Of course the ending was fantastic,16.666666666666664,2.857142857142857,0.0,2.857142857142857
p340_186,I want to be frank., i want to be frank,40.0,10.526315789473683,0.0,15.789473684210526
p340_187,This was an option from the beginning., This was an option from the beginning,14.285714285714285,2.631578947368421,0.0,2.631578947368421
p340_188,Clearly he is keeping in touch., clearly he is keeping in touch,33.33333333333333,6.451612903225806,0.0,48.38709677419355
p340_189,Yet it seemed to work.," Yeah, it seemed to work",40.0,18.181818181818183,40.0,40.909090909090914
p340_190,I think it was just a tragic accident., i think it was just a tragic accident,25.0,5.263157894736842,0.0,7.894736842105263
p340_191,We haven't been able to go and see., We have been able to go and see,25.0,11.428571428571429,12.5,11.428571428571429
p340_192,"It works, as well.", It works as well,50.0,11.11111111111111,0.0,11.11111111111111
p340_193,I can't say anything., i cant say anything,75.0,14.285714285714285,25.0,52.38095238095239
p340_194,I would be interested in another attempt., I will be interested in another attempt,28.57142857142857,9.75609756097561,14.285714285714285,9.75609756097561
p340_195,"However, that is a sizeable if."," However, that is a sizeable if",16.666666666666664,3.225806451612903,0.0,3.225806451612903
p340_196,There is no other way., There is no other way,20.0,4.545454545454546,0.0,4.545454545454546
p340_197,This was all well and good., This is all well and good,33.33333333333333,11.11111111111111,16.666666666666664,14.814814814814813
p340_198,This is a disaster for us., This is a disaster for us,16.666666666666664,3.8461538461538463,0.0,3.8461538461538463
p340_199,What does that mean?, What does that mean?,0.0,0.0,0.0,0.0
p340_200,This is your life., This is your life,25.0,5.555555555555555,0.0,5.555555555555555
p340_201,He has seen the past., He has seen the past,20.0,4.761904761904762,0.0,4.761904761904762
p340_202,He can be beaten., He can be beaten,25.0,5.88235294117647,0.0,5.88235294117647
p340_203,He had been on holiday visiting his grandmother., He had been on holiday visiting his grandmother,12.5,2.083333333333333,0.0,2.083333333333333
p340_204,Why does he do it?, Why does he do it?,0.0,0.0,0.0,0.0
p340_205,That's my daughter acting., thats my daughter acting,50.0,11.538461538461538,50.0,46.15384615384615
p340_206,They are very clever and very dangerous., They are very clever and very dangerous,14.285714285714285,2.5,0.0,2.5
p340_207,It wouldn't matter if he had., It would matter if he had,33.33333333333333,13.793103448275861,16.666666666666664,13.793103448275861
p340_208,We lost out a little bit., We lost out a little bit,16.666666666666664,4.0,0.0,4.0
p340_209,Hollywood comedy is having a good week., Hollywood comedy is having a good week,14.285714285714285,2.564102564102564,0.0,2.564102564102564
p340_210,I had just taken it off., i had just taken it off,33.33333333333333,8.333333333333332,0.0,12.5
p340_211,The family baton is handed on., The family baton is handed on,16.666666666666664,3.3333333333333335,0.0,3.3333333333333335
p340_212,We have to put pressure on Rangers., We have to put pressure on rangers,14.285714285714285,5.714285714285714,0.0,5.714285714285714
p340_213,It was properly reported to us., It was properly reported to us,16.666666666666664,3.225806451612903,0.0,3.225806451612903
p340_214,He was outstanding today - the best player on the park.," He was outstanding today, the best player on the park",27.27272727272727,5.454545454545454,18.181818181818183,5.454545454545454
p340_215,The seller was not revealed., The seller has not revealed,40.0,7.142857142857142,20.0,7.142857142857142
p340_216,Everything happened so quickly., Everything happens so quickly,50.0,9.67741935483871,25.0,9.67741935483871
p340_217,How can this be?, How can this be?,0.0,0.0,0.0,0.0
p340_218,I am feeling a bit better., I am feeling a bit better,16.666666666666664,3.8461538461538463,0.0,3.8461538461538463
p340_219,Everyone here is heartbroken., Everyone here is heartbroken,25.0,3.4482758620689653,0.0,3.4482758620689653
p340_220,"Not so, it seems."," Not so, it seems",25.0,5.88235294117647,0.0,5.88235294117647
p340_221,He was also a great man., He was also a great man,16.666666666666664,4.166666666666666,0.0,4.166666666666666
p340_222,We have no further comment to make., We have no further comment to make,14.285714285714285,2.857142857142857,0.0,2.857142857142857
p340_223,This produces exactly the opposite effect., This produces exactly the opposite effect,16.666666666666664,2.380952380952381,0.0,2.380952380952381
p340_224,Our thoughts and prayers are with her family., Our thoughts and prayers are with her family,12.5,2.2222222222222223,0.0,2.2222222222222223
p340_225,You have to keep it on the fairways., You have to keep it on the fairways,12.5,2.7777777777777777,0.0,2.7777777777777777
p340_226,"Sub Not Used, McCormick."," Sub not used, mccormick",75.0,20.833333333333336,0.0,20.833333333333336
p340_227,"So there, we won."," So there, we won",25.0,5.88235294117647,0.0,5.88235294117647
p340_228,I don't like to fail., i dont like to fail,60.0,14.285714285714285,20.0,52.38095238095239
p340_229,I really didn't think he would., i really didnt think he would,50.0,9.67741935483871,16.666666666666664,16.129032258064516
p340_230,He may have a long wait., He may have a long ways,16.666666666666664,12.5,16.666666666666664,12.5
p340_231,They have already done that., They have already done that,20.0,3.571428571428571,0.0,3.571428571428571
p340_232,"Later, a very different story emerged."," Later, a very different story emerged",16.666666666666664,2.631578947368421,0.0,2.631578947368421
p340_233,So it should be., So it should be,25.0,6.25,0.0,6.25
p340_234,They didn't find any substance., They didnt find any substance,40.0,6.451612903225806,20.0,9.67741935483871
p340_235,It's hard to say., It is hard to say,75.0,17.647058823529413,75.0,52.94117647058824
p340_236,Her heart was not in it., Her heart was not in it,16.666666666666664,4.166666666666666,0.0,4.166666666666666
p340_237,"After all, he is the King of Scotland."," After all, he is the king of scotland",25.0,7.894736842105263,0.0,7.894736842105263
p340_238,Is there any prospect of this happening?, Is there any prospect of this happening?,0.0,0.0,0.0,0.0
p340_239,They are now collapsing., They are no collapsing,50.0,8.333333333333332,25.0,8.333333333333332
p340_240,He had been surprised by the local reaction., He had been surprised by the local reaction,12.5,2.272727272727273,0.0,2.272727272727273
p340_241,Government funding is not a problem., Government funding is not a problem,16.666666666666664,2.7777777777777777,0.0,2.7777777777777777
p340_242,I'm still an amateur in that sense., I am still an amateur in that sense,42.857142857142854,8.571428571428571,42.857142857142854,20.0
p340_243,We just did not want to believe it., We just did not want to believe it,12.5,2.857142857142857,0.0,2.857142857142857
p340_244,The medal itself is not that important., The medal itself is not that important,14.285714285714285,2.564102564102564,0.0,2.564102564102564
p340_245,"I should think so, too."," i should think so, too",40.0,8.695652173913043,0.0,13.043478260869565
p340_246,The time for change is now., The time for change is now,16.666666666666664,3.7037037037037033,0.0,3.7037037037037033
p340_247,They deserved to beat us in the replay., They deserve to beat us in the replay,25.0,5.128205128205128,12.5,5.128205128205128
p340_248,Can they be serious?, Can they be serious?,0.0,0.0,0.0,0.0
p340_249,We've got to get this right., We've got to get this right!,16.666666666666664,3.571428571428571,0.0,3.571428571428571
p340_250,The film was great., The film is great,50.0,15.789473684210526,25.0,21.052631578947366
p340_251,I'm just enjoying every match., i am just enjoying every match,60.0,13.333333333333334,60.0,23.333333333333332
p340_252,They set up to win the hole., They said i have to win the hole,57.14285714285714,35.714285714285715,42.857142857142854,35.714285714285715
p340_253,I am not a liar., i am not a liar,40.0,12.5,0.0,18.75
p340_254,Let's make this clear., Let's make this clear,25.0,4.545454545454546,0.0,4.545454545454546
p340_255,We also hope to meet the men., We also hope to meet the man,14.285714285714285,6.896551724137931,14.285714285714285,6.896551724137931
p340_256,"It was quite simply, delicious.", It was quite simply delicious,40.0,6.451612903225806,0.0,6.451612903225806
p340_257,I can't believe it happened., i cant believe it happened,60.0,10.714285714285714,20.0,39.285714285714285
p340_258,Thankfully it was cleared up., Thankfully it was cleared up,20.0,3.4482758620689653,0.0,3.4482758620689653
p340_259,The game will be at a football stadium., The game will be at a football stadium,12.5,2.564102564102564,0.0,2.564102564102564
p340_260,They were his words., They were his words,25.0,5.0,0.0,5.0
p340_261,Shelter also supports the reform., Shelter also supports the reform,20.0,3.0303030303030303,0.0,3.0303030303030303
p340_262,The attack was totally out of the blue., The attack was totally out of the blue,12.5,2.564102564102564,0.0,2.564102564102564
p340_263,People were very confused., People were very confused,25.0,3.8461538461538463,0.0,3.8461538461538463
p340_264,We've had a lot of adjusting to do., We have had a lot of adjusting to do,37.5,11.428571428571429,37.5,34.285714285714285
p340_265,I am very relieved., i am very relieved,50.0,10.526315789473683,0.0,15.789473684210526
p340_266,The people have been really friendly., The people have been really friendly,16.666666666666664,2.7027027027027026,0.0,2.7027027027027026
p340_267,"It was bound to happen, and it has happened."," It has been to happen, and it has happened",33.33333333333333,11.363636363636363,22.22222222222222,11.363636363636363
p340_268,Aberdeen were difficult to break down., Aberdeen were difficult to break down,16.666666666666664,2.631578947368421,0.0,2.631578947368421
p340_269,"That, though, is not true."," That, though, is not true",20.0,3.8461538461538463,0.0,3.8461538461538463
p340_270,I hope he comes back., i hope he comes back,40.0,9.523809523809524,0.0,14.285714285714285
p340_271,They made up for it on Saturday., They made up for it on Saturday,14.285714285714285,3.125,0.0,3.125
p340_272,That was our mission., That was our mission,25.0,4.761904761904762,0.0,4.761904761904762
p340_273,I am delighted for them., i am delighted for them,40.0,8.333333333333332,0.0,12.5
p340_274,The second half was a different affair., The second half was a different affair,14.285714285714285,2.564102564102564,0.0,2.564102564102564
p340_275,The scheme has been funded by the Government., This game has been funded by the government,37.5,15.555555555555555,37.5,33.33333333333333
p340_276,They might be surprised by the response., They might be surprised by the response,14.285714285714285,2.5,0.0,2.5
p340_277,I've done it all., i have done it all,75.0,29.411764705882355,75.0,58.82352941176471
p340_278,We have worked well with them for years., We have worked well with them for years,12.5,2.5,0.0,2.5
p340_279,They've had a good start as well., They have had a good start as well,42.857142857142854,12.121212121212121,42.857142857142854,48.484848484848484
p340_280,The director's a genius., The directors a genius,50.0,8.333333333333332,25.0,12.5
p340_281,One thing is clear., One thing is clear,25.0,5.263157894736842,0.0,5.263157894736842
p340_282,We might never see him again., We might never see him again,16.666666666666664,3.4482758620689653,0.0,3.4482758620689653
p340_283,Such as it is., such as it is,50.0,14.285714285714285,0.0,64.28571428571429
p340_284,The car was just there., The car is just there,40.0,13.043478260869565,20.0,17.391304347826086
p340_285,They were very unfair to him., They are very unfair to him,33.33333333333333,10.344827586206897,16.666666666666664,17.24137931034483
p340_286,I have spoken to my brother., I have spoken to my brother,16.666666666666664,3.571428571428571,0.0,3.571428571428571
p340_287,And that is very good indeed.," And that is very good, indeed",33.33333333333333,6.896551724137931,0.0,6.896551724137931
p340_288,We could have had no new money., We could have had no new money,14.285714285714285,3.225806451612903,0.0,3.225806451612903
p340_289,It wasn't an easy decision., It wasnt an easy decision,40.0,7.4074074074074066,20.0,11.11111111111111
p340_290,It wasn't really like that at all., It wasn't really like that at all,14.285714285714285,2.941176470588235,0.0,2.941176470588235
p340_291,What will happen to them now?, What will happen to them now?,0.0,0.0,0.0,0.0
p340_292,It is set in Paris., It is set in paris,20.0,10.526315789473683,0.0,10.526315789473683
p340_293,The Dream is as hard as they come., The dream is as hard as they come,25.0,5.88235294117647,0.0,5.88235294117647
p340_294,We are not collecting., We are not collecting,25.0,4.545454545454546,0.0,4.545454545454546
p340_295,It shows the right amount of progress., It shows the right amount of progress,14.285714285714285,2.631578947368421,0.0,2.631578947368421
p340_296,I thought the dancing was over., i thought the dancing was over,33.33333333333333,6.451612903225806,0.0,9.67741935483871
p340_297,I think they have got it completely right., i think the have got it completely right,37.5,7.142857142857142,12.5,9.523809523809524
p340_298,This is excellent news for Glasgow., This is excellent news for Glasgow,16.666666666666664,2.857142857142857,0.0,2.857142857142857
p340_299,He's already made history., He has already made history,75.0,15.384615384615385,75.0,38.46153846153847
p340_300,Police have appealed for witnesses., police have appealed for witnesses,40.0,5.714285714285714,0.0,37.142857142857146
p340_301,There is a lot of fear., There is a lot of fear,16.666666666666664,4.3478260869565215,0.0,4.3478260869565215
p340_302,They are not left wing., They are not left-wing,40.0,8.695652173913043,40.0,43.47826086956522
p340_303,I've heard it all before.,ive heard it all before,40.0,12.0,20.0,20.0
p340_304,We are not there yet., We are not there yet,20.0,4.761904761904762,0.0,4.761904761904762
p340_305,We will not give up on the truth., We will not give up on the truth,12.5,3.0303030303030303,0.0,3.0303030303030303
p340_306,"Sub Not Used, McCall."," Sub not used, mccall",75.0,23.809523809523807,0.0,23.809523809523807
p340_307,Now they had it., Now they had us,25.0,18.75,25.0,18.75
p340_308,She died a few days later., She died a few days later,16.666666666666664,3.8461538461538463,0.0,3.8461538461538463
p340_309,What is their concern?, What is their concern?,0.0,0.0,0.0,0.0
p340_310,The difference was amazing., The difference was amazing,25.0,3.7037037037037033,0.0,3.7037037037037033
p340_311,That is why we are here., That is why we are here,16.666666666666664,4.166666666666666,0.0,4.166666666666666
p340_312,But it is historic., But it is historic,25.0,5.263157894736842,0.0,5.263157894736842
p340_313,You have to feel for the guy., You have to feel for the guy,14.285714285714285,3.4482758620689653,0.0,3.4482758620689653
p340_314,I have still to hear about that., i have still to hear about that,28.57142857142857,6.25,0.0,9.375
p340_315,I'm going to win the next two., i am going to win the next two,42.857142857142854,13.333333333333334,42.857142857142854,23.333333333333332
p340_316,You know it was good fun.," You know, it was good fun",33.33333333333333,8.0,0.0,8.0
p340_317,They want that school., They want that school,25.0,4.545454545454546,0.0,4.545454545454546
p340_318,They have not changed at all., They have not changed at all,16.666666666666664,3.4482758620689653,0.0,3.4482758620689653
p340_319,"One is investment, one is reform."," One is investment, one is reform",16.666666666666664,3.0303030303030303,0.0,3.0303030303030303
p340_320,The last few weeks have been really bad., The last few weeks have been really bad,12.5,2.5,0.0,2.5
p340_321,Structural changes will never be enough., structural changes will never be enough,33.33333333333333,5.0,0.0,52.5
p340_322,I am extremely cautious., i am extremely cautious,50.0,8.333333333333332,0.0,12.5
p340_323,That was always the danger., That was always the danger,20.0,3.7037037037037033,0.0,3.7037037037037033
p340_324,Will they fall in love?, Will they fall in love?,0.0,0.0,0.0,0.0
p340_325,There was nothing sinister in that., There is nothing sinister in that,33.33333333333333,8.571428571428571,16.666666666666664,11.428571428571429
p340_326,But don't just take my word for it., But don't just take my word for it,12.5,2.857142857142857,0.0,2.857142857142857
p340_327,Is that what it's about?, Is that what its about?,20.0,4.166666666666666,20.0,8.333333333333332
p340_328,And the audience is a surprise., And the audience is a surprise,16.666666666666664,3.225806451612903,0.0,3.225806451612903
p340_329,They worked on it for three hours., They worked on it for three hours,14.285714285714285,2.941176470588235,0.0,2.941176470588235
p340_330,Let's make him a show., Let's make him a show,20.0,4.545454545454546,0.0,4.545454545454546
p340_331,I'd never heard anything like it before., i had never heard anything like it before,42.857142857142854,12.5,42.857142857142854,20.0
p340_332,People are using it in their daily lives., People are using it in their daily lives,12.5,2.4390243902439024,0.0,2.4390243902439024
p340_333,It seemed so personal., It seemed so personal,25.0,4.545454545454546,0.0,4.545454545454546
p340_334,Would that be for men and women?, What is up from men and women?,57.14285714285714,37.5,71.42857142857143,46.875
p340_335,The government agreed to pay., The government agreed to pay,20.0,3.4482758620689653,0.0,3.4482758620689653
p340_336,I think we have got the balance right., i think we have got a balance right,37.5,13.157894736842104,12.5,15.789473684210526
p340_337,It was a very terrible thing., It was a very terrible thing,16.666666666666664,3.4482758620689653,0.0,3.4482758620689653
p340_338,Let's not take too much for granted., lets not take too much for granted,28.57142857142857,8.333333333333332,28.57142857142857,27.77777777777778
p340_339,It has been an extremely long haul., It has been an extremely long haul,14.285714285714285,2.857142857142857,0.0,2.857142857142857
p340_340,I'll need to discuss it with my family., ill need to discuss it with my family,25.0,7.6923076923076925,25.0,20.51282051282051
p340_341,She is deeply distressed., She is deeply distressed,25.0,4.0,0.0,4.0
p340_342,They should have listened to me., They should have listened to me,16.666666666666664,3.125,0.0,3.125
p340_343,"Well, there can be no complaints about this one."," Well, there can be no complaints about this one",11.11111111111111,2.083333333333333,0.0,2.083333333333333
p340_344,They said they would., They said they were.,25.0,19.047619047619047,25.0,23.809523809523807
p340_345,When will this change?, When will this change?,0.0,0.0,0.0,0.0
p340_346,You know the score., You know the score,25.0,5.263157894736842,0.0,5.263157894736842
p340_347,It was like someone had died., It was like someone had died,16.666666666666664,3.4482758620689653,0.0,3.4482758620689653
p340_348,I am an innocent man., i am an innocent man,40.0,9.523809523809524,0.0,14.285714285714285
p340_349,The improvement today was fantastic., The improvement today is fantastic,40.0,8.333333333333332,20.0,11.11111111111111
p340_350,He has been under great pressure., He has been under great pressure,16.666666666666664,3.0303030303030303,0.0,3.0303030303030303
p340_351,I'm looking forward to coming home., i am looking forward to coming home,50.0,11.428571428571429,50.0,20.0
p340_352,She is also claiming constructive and unfair dismissal., She is also claiming constructive and unfair dismissal,12.5,1.8181818181818181,0.0,1.8181818181818181
p340_353,Our Great Depression is our lives., Our great depression is our lives,50.0,8.823529411764707,0.0,8.823529411764707
p340_354,He was elected as a councillor last year., He was elected as a councilor last year,25.0,4.878048780487805,12.5,9.75609756097561
p340_355,I just did not cope with the pressure., i just did not cope with the pressure,25.0,5.263157894736842,0.0,7.894736842105263
p340_356,But he did not appear., but he did not appear,40.0,9.090909090909092,0.0,31.818181818181817
p340_357,So he was anxious to try something new., So he was anxious to try something new,12.5,2.564102564102564,0.0,2.564102564102564
p340_358,The time was right., The time was rise,25.0,21.052631578947366,25.0,21.052631578947366
p340_359,It all happened so quickly., It all happened so quickly,20.0,3.7037037037037033,0.0,3.7037037037037033
p340_360,It is working well., It is working well,25.0,5.263157894736842,0.0,5.263157894736842
p340_361,They really want to do it., They really want to do it,16.666666666666664,3.8461538461538463,0.0,3.8461538461538463
p340_362,He said nothing of the sort., He said nothing of the sort,16.666666666666664,3.571428571428571,0.0,3.571428571428571
p340_363,Governments will have to respond., Governments will have to respond,20.0,3.0303030303030303,0.0,3.0303030303030303
p340_364,It simply doesn't happen., It simply doesnt happen,50.0,8.0,25.0,12.0
p340_365,We wanted to do something different., We wanted to do something different,16.666666666666664,2.7777777777777777,0.0,2.7777777777777777
p340_366,"The past is history, not destiny."," The past is history, not destiny",16.666666666666664,3.0303030303030303,0.0,3.0303030303030303
p340_367,I love it here., i love it here,50.0,13.333333333333334,0.0,20.0
p340_368,Things are on track., Things are on track,25.0,5.0,0.0,5.0
p340_369,Frankly it was disgusting.," Frankly, it was disgusting",50.0,7.6923076923076925,0.0,61.53846153846154
p340_370,It is a tragedy for the area., It is a tragedy for the area,14.285714285714285,3.4482758620689653,0.0,3.4482758620689653
p340_371,He was not entirely correct., He was not entirely correct,20.0,3.571428571428571,0.0,3.571428571428571
p340_372,I'm sorry if any offence has been caused., i am sorry if any offence has been caused,37.5,9.75609756097561,37.5,17.073170731707318
p340_373,War is not the action., War is not the action,20.0,4.545454545454546,0.0,4.545454545454546
p340_374,There are not enough of them., There are not enough of them,16.666666666666664,3.4482758620689653,0.0,3.4482758620689653
p340_375,It has been a frustrating one., It has been a frustrating one,16.666666666666664,3.3333333333333335,0.0,3.3333333333333335
p340_376,"Sadly, it took a tragedy to change things."," Sadly, it took a tragedy to change things",12.5,2.380952380952381,0.0,2.380952380952381
p340_377,But we wouldn't want them any other way., but we wouldnt want them any other way,37.5,7.5,12.5,22.5
p340_378,What's in a name?, What in a name?,25.0,11.76470588235294,50.0,58.82352941176471
p340_379,It feels like a winner already., It feels like a winner already,16.666666666666664,3.225806451612903,0.0,3.225806451612903
p340_380,They are expected to be released today., They are expected to be released today,14.285714285714285,2.564102564102564,0.0,2.564102564102564
p340_381,There was no question of him not impressing., There is no question of him not embarrassing,25.0,18.181818181818183,25.0,31.818181818181817
p340_382,We were all afraid., We were all afraid,25.0,5.263157894736842,0.0,5.263157894736842
p340_383,I hadn't had that before., i hadnt had that before,60.0,12.0,20.0,52.0
p340_384,We have a plan in place., We have a plan in place,16.666666666666664,4.166666666666666,0.0,4.166666666666666
p340_385,That is to miss the point., That is to miss the point,16.666666666666664,3.8461538461538463,0.0,3.8461538461538463
p340_386,It will be a new experience., It will be a new experience,16.666666666666664,3.571428571428571,0.0,3.571428571428571
p340_387,I didn't see it., i didnt see it,75.0,18.75,25.0,81.25
p340_388,Scotland has lost a great religious leader., scotland has lost a great religious leader,28.57142857142857,4.651162790697675,0.0,39.53488372093023
p340_389,IT had to happen., It had to happen,50.0,11.76470588235294,0.0,29.411764705882355
p340_390,It is a challenge for all of us., It is a challenge for all of us,12.5,3.125,0.0,3.125
p340_391,The children are fine., The children are fine,25.0,4.545454545454546,0.0,4.545454545454546
p340_392,I don't believe in God., i dont believe in god,60.0,17.391304347826086,20.0,52.17391304347826
p340_393,There's also the point., Theres also the point,50.0,8.695652173913043,50.0,60.86956521739131
p340_394,It's good to be back., its good to be back,40.0,14.285714285714285,40.0,38.095238095238095
p340_395,It wasn't the second one., It wasnt the second one,40.0,8.0,20.0,12.0
p340_396,He got his degree., He got his degree,25.0,5.555555555555555,0.0,5.555555555555555
p340_397,And rugby fans can help., And rugby fans can help,20.0,4.166666666666666,0.0,4.166666666666666
p340_398,Detectives are still working on the case., Detectives are still working on the case,14.285714285714285,2.4390243902439024,0.0,2.4390243902439024
p340_399,I reported it but nothing was done.," I reported it, but nothing was done",28.57142857142857,5.714285714285714,0.0,5.714285714285714
p340_400,They were not defeated., They were not defeated,25.0,4.3478260869565215,0.0,4.3478260869565215
p340_401,There was much to be positive about., There is much to be positive about,28.57142857142857,8.333333333333332,14.285714285714285,11.11111111111111
p340_402,It wants them to go home., It wants them to go home,16.666666666666664,4.0,0.0,4.0
p340_403,I had a ball today., i had a ball today,40.0,10.526315789473683,0.0,15.789473684210526
p340_404,Yet the improvement in behaviour was huge., Yet the improvement in behaviour was huge,14.285714285714285,2.380952380952381,0.0,2.380952380952381
p340_405,He said no survivors had been found., He said no survivors had been found,14.285714285714285,2.7777777777777777,0.0,2.7777777777777777
p340_406,It is the end of an era., It is the end of an era,14.285714285714285,4.166666666666666,0.0,4.166666666666666
p340_407,We shall not do that., We shall not do that,20.0,4.761904761904762,0.0,4.761904761904762
p340_408,"My daughter was really, really innocent."," My daughter was really, really innocent",16.666666666666664,2.5,0.0,2.5
p340_409,It will not be easy., It will not be easy,20.0,5.0,0.0,5.0
p340_410,"Once again, he refused."," Once again, he refused.",0.0,0.0,0.0,0.0
p340_411,And it will be a challenge., and it will be a challenge,33.33333333333333,7.4074074074074066,0.0,25.925925925925924
p340_412,And Scotland is no different., And scotland is no different,40.0,6.896551724137931,0.0,6.896551724137931
p340_413,The power of religion is so strong., The power of religion is so strong,14.285714285714285,2.857142857142857,0.0,2.857142857142857
p340_414,It means a huge amount., It means a huge amount,20.0,4.3478260869565215,0.0,4.3478260869565215
p340_415,There are two interests in this woodland., There are two interests in this woodland,14.285714285714285,2.4390243902439024,0.0,2.4390243902439024
p340_416,I was frustrated here., i was frustrated here,50.0,9.090909090909092,0.0,13.636363636363635
p340_417,It is a good result., It is a good result,20.0,5.0,0.0,5.0
p340_418,Are you watching Liverpool?, Are you watching the rule?,50.0,29.629629629629626,50.0,55.55555555555556
p340_419,I'll never think of myself as a star., ill never think of myself as a star,25.0,8.108108108108109,25.0,21.62162162162162
p340_420,It was one New Year., It was one new year,40.0,15.0,0.0,15.0
p340_421,We made a world record together., We made a world record together,16.666666666666664,3.125,0.0,3.125
p340_422,Our policy is already working well., Our policy is already working well,16.666666666666664,2.857142857142857,0.0,2.857142857142857
p340_423,I believe we have a good chance., i believe we have a good chance,28.57142857142857,6.25,0.0,9.375
p340_424,Things were not easy from the outset., Things are not easy from the outset,28.57142857142857,8.108108108108109,14.285714285714285,13.513513513513514
