name,wer,wer_n,cer,cer_n,transcription,prediction
p326_001,33.33333333333333,33.33333333333333,26.31578947368421,25.0,Please call Stella., Place call Stella
p326_002,0.0,0.0,1.8518518518518516,1.8181818181818181,Ask her to bring these things with her from the store., Ask her to bring these things with her from the store
p326_003,15.0,15.0,9.803921568627452,9.70873786407767,"Six spoons of fresh snow peas, five thick slabs of blue cheese, and maybe a snack for her brother Bob."," 6 spoons of fresh snow peas, 5 thick slads of blue cheese and maybe a snack for her brother Bob"
p326_004,0.0,0.0,1.4925373134328357,1.4705882352941175,We also need a small plastic snake and a big toy frog for the kids., We also need a small plastic snake and a big toy frog for the kids
p326_005,0.0,0.0,1.9417475728155338,1.9230769230769231,"She can scoop these things into three red bags, and we will go meet her Wednesday at the train station.", She can scoop these things into three red bags and we will go meet her Wednesday at the train station
p326_006,23.52941176470588,23.52941176470588,9.195402298850574,8.695652173913043,"When the sunlight strikes raindrops in the air, they act as a prism and form a rainbow."," When the sunlight strikes raindrops in the air, the actors are prism and form a rainbow"
p326_007,0.0,0.0,1.4705882352941175,1.4492753623188406,The rainbow is a division of white light into many beautiful colors., The rainbow is a division of white light into many beautiful colors
p326_008,0.0,0.0,1.7241379310344827,1.7094017094017095,"These take the shape of a long round arch, with its path high above, and its two ends apparently beyond the horizon.", These take the shape of a long round arch with its path high above and its two ends apparently beyond the horizon.
p326_009,14.285714285714285,14.285714285714285,3.076923076923077,2.9850746268656714,"There is , according to legend, a boiling pot of gold at one end."," There is, according to legend, a boiling pot of gold at one end."
p326_010,0.0,0.0,2.631578947368421,2.564102564102564,"People look, but no one ever finds it."," People look, but no one ever finds it"
p326_011,0.0,0.0,0.0,0.0,"When a man looks for something beyond his reach, his friends say he is looking for the pot of gold at the end of the rainbow."," When a man looks for something beyond his reach, his friends say he is looking for the pot of gold at the end of the rainbow."
p326_012,0.0,0.0,1.3333333333333335,1.3157894736842104,Throughout the centuries people have explained the rainbow in various ways., Throughout the centuries people have explained the rainbow in various ways
p326_013,20.0,20.0,23.4375,21.12676056338028,Some have accepted it as a miracle without physical explanation., Some have accepted it as America without physical explanation
p326_014,0.0,0.0,1.3333333333333335,1.3157894736842104,To the Hebrews it was a token that there would be no more universal floods., To the Hebrews it was a token that there would be no more universal floods
p326_015,0.0,0.0,1.1111111111111112,1.098901098901099,The Greeks used to imagine that it was a sign from the gods to foretell war or heavy rain., The Greeks used to imagine that it was a sign from the gods to foretell war or heavy rain
p326_016,13.636363636363635,13.636363636363635,5.217391304347826,5.172413793103448,The Norsemen considered the rainbow as a bridge over which the gods passed from the earth to their home in the sky., The Norsemen consider the rainbow as a bridge over which the gods pass from the earth to the home in the sky.
p326_017,0.0,0.0,1.8181818181818181,1.7857142857142856,Others have tried to explain the phenomenon physically., Others have tried to explain the phenomenon physically
p326_018,18.75,17.647058823529413,5.555555555555555,5.319148936170213,Aristotle thought that the rainbow was caused by reflection of the sun's rays by the rain., Aristotle thought that the rainbows caused by a reflection of the sun's rays by the rain.
p326_019,5.555555555555555,5.555555555555555,4.424778761061947,4.385964912280701,"Since then physicists have found it is not reflection, but refraction by the raindrops which causes the rainbows.", Since then physicists have found it is not reflection but refraction by the raindrops which causes the rainmouth
p326_020,11.11111111111111,11.11111111111111,12.068965517241379,11.864406779661017,Many complicated ideas about the rainbow have been formed., Many complicated ideas about the paremba have been formed
p326_021,3.571428571428571,4.545454545454546,2.5316455696202533,2.5,"The difference in the rainbow depends considerably upon the size of the drops, and the width of the colored band increases as the size of the drops increases."," The difference in the rainbow depends considerably upon the size of the drops, and the width of the coloured band increases as the size of the drops increases."
p326_022,10.526315789473683,10.526315789473683,44.554455445544555,36.0,The actual primary rainbow observed is said to be the effect of super-imposition of a number of bows., The actual primary rainbow observed is said to be the effect of superimposition of a number of bows
p326_023,0.0,0.0,0.0,0.0,"If the red of the second bow falls upon the green of the first, the result is to give a bow with an abnormally wide yellow band, since red and green light when mixed form yellow."," If the red of the second bow falls upon the green of the first, the result is to give a bow with an abnormally wide yellow band, since red and green light when mixed form yellow."
p326_024,0.0,0.0,0.0,0.0,"This is a very common type of bow, one showing mainly red and yellow, with little or no green or blue."," This is a very common type of bow, one showing mainly red and yellow, with little or no green or blue."
p326_025,22.22222222222222,22.22222222222222,19.298245614035086,18.96551724137931,"Jimmy returned to Aberdeen, but she remained with George."," Jimmy returned to Aberdeen, but she remained a judge"
p326_026,0.0,0.0,4.545454545454546,4.3478260869565215,The message was clear., The message was clear
p326_027,0.0,0.0,6.25,5.88235294117647,She is an angel., She is an angel
p326_028,0.0,0.0,2.857142857142857,2.7777777777777777,It is believed he had been stabbed., It is believed he had been stabbed
p326_029,0.0,0.0,4.545454545454546,4.3478260869565215,We have got to attack., We have got to attack
p326_030,20.0,20.0,16.3265306122449,16.0,"I saw the other car coming, but could do nothing."," I saw the ala ka coming, but could do nothing"
p326_031,62.5,50.0,45.28301886792453,35.82089552238806,United were in control without always being dominant.," You know, I was wearing control without always being dominant"
p326_032,0.0,0.0,6.451612903225806,6.25,There we were on the first tee., there we were on the first tee
p326_033,33.33333333333333,33.33333333333333,37.5,32.432432432432435,Roy Keane is certainly the best., Raikane is certainly the best
p326_034,25.0,25.0,20.0,18.367346938775512,At least two women were among those arrested., At least two weren't where among those arrested
p326_035,0.0,0.0,0.0,0.0,How would it work?, How would it work?
p326_036,0.0,0.0,3.571428571428571,3.4482758620689653,It was my shortest audition., It was my shortest audition
p326_037,14.285714285714285,14.285714285714285,5.714285714285714,5.555555555555555,That was a stunning drive from Jon., That was a stunning drive from John
p326_038,0.0,0.0,3.125,3.0303030303030303,She didn't tell us anything new., She didn't tell us anything new
p326_039,0.0,0.0,2.7027027027027026,2.631578947368421,There is nothing like this back home., There is nothing like this back home
p326_040,0.0,0.0,2.3255813953488373,2.272727272727273,The police believe the man was not injured., The police believe the man was not injured
p326_041,0.0,0.0,4.545454545454546,4.3478260869565215,It would be a miracle., It would be a miracle
p326_042,0.0,0.0,4.761904761904762,4.545454545454546,We just love to chat., We just love to chat
p326_043,85.71428571428571,75.0,50.0,42.5,I read about it in the newspapers., A rate of bass in the newspaper is
p326_044,14.285714285714285,14.285714285714285,12.121212121212121,11.76470588235294,What did they think of her voice?, What did I think of her voice?
p326_045,0.0,0.0,3.4482758620689653,3.3333333333333335,They say they feel different., They say they feel different
p326_046,12.5,12.5,13.157894736842104,12.195121951219512,It is a good result for Great Britain., This is a good result for Great Britain
p326_047,42.857142857142854,42.857142857142854,50.0,44.44444444444444,What on earth is wrong with you?, What on earth is ramundi?
p326_048,0.0,0.0,4.545454545454546,4.444444444444445,We will continue to pressure the Government., We will continue to pressure the government
p326_049,0.0,0.0,2.7777777777777777,2.7027027027027026,His art was not just about emotions., His art was not just about emotions
p326_050,33.33333333333333,33.33333333333333,20.588235294117645,18.421052631578945,They are all bright and different., They're all bright and different
p326_051,12.5,12.5,9.090909090909092,8.823529411764707,I found a fault and worked at it., I found a fault and works at it
p326_052,0.0,0.0,2.564102564102564,2.5,My position on the euro is quite clear., My position on the euro is quite clear
p326_053,16.666666666666664,16.666666666666664,12.903225806451612,12.5,Labour was too busy to respond., Label was too busy to respond
p326_054,25.0,25.0,20.0,19.047619047619047,His voice is strong., His voice is strum
p326_055,0.0,0.0,3.0303030303030303,2.941176470588235,They may yet have the last laugh., They may yet have the last laugh
p326_056,0.0,0.0,12.5,11.76470588235294,But they add up., but they add up
p326_057,0.0,0.0,3.3333333333333335,3.225806451612903,You can feel at home in China., You can feel at home in China
p326_058,0.0,0.0,3.225806451612903,3.125,It is the wealthiest in Europe., It is the wealthiest in Europe
p326_059,0.0,0.0,2.7027027027027026,2.631578947368421,This is all part of opening the door., This is all part of opening the door
p326_060,0.0,0.0,2.4390243902439024,2.380952380952381,Yesterday's performance was exactly that., Yesterday's performance was exactly that
p326_061,25.0,25.0,15.384615384615385,14.285714285714285,Mr Blunkett was convinced., Mr. Blanket was convinced
p326_062,0.0,0.0,1.8181818181818181,1.7857142857142856,"For the other parties, it is back to business as usual."," For the other parties, it is back to business as usual"
p326_063,0.0,0.0,3.4482758620689653,3.3333333333333335,He will become the sovereign., He will become the sovereign
p326_064,40.0,33.33333333333333,100,67.3913043478261,It was a foolhardy decision., It was a full-hearted decision
p326_065,0.0,0.0,2.7027027027027026,2.631578947368421,Washington is consumed by the crisis., Washington is consumed by the crisis
p326_066,28.57142857142857,25.0,26.190476190476193,23.404255319148938,"Now, suddenly, we have this new landscape."," Now, suddenly, we have this new lens fit"
p326_067,0.0,0.0,2.857142857142857,2.7777777777777777,There is a tunnel after the tunnel., There is a tunnel after the tunnel
p326_068,12.5,12.5,13.043478260869565,12.76595744680851,Everyone could see it apart from Kevin Keegan., Everyone could see it apart from Kevin Kagan
p326_069,37.5,33.33333333333333,44.44444444444444,37.735849056603776,"For the meantime, though, the signs are good."," For the main town known, the signs are good"
p326_070,0.0,0.0,3.225806451612903,3.125,Messages have to be reinforced., Messages have to be reinforced
p326_071,0.0,0.0,2.2222222222222223,2.1739130434782608,The success story shows no signs of stopping., The success story shows no signs of stopping
p326_072,0.0,0.0,1.6666666666666667,1.639344262295082,Another suggested the company should carry only pedestrians., Another suggested the company should carry only pedestrians
p326_073,25.0,25.0,11.11111111111111,10.714285714285714,The Insider opens tomorrow., The inside opens tomorrow
p326_074,0.0,0.0,2.4390243902439024,2.380952380952381,More patience and composure was required., More patience and composure was required
p326_075,0.0,0.0,2.3255813953488373,2.272727272727273,It is difficult when you don't know anyone., It is difficult when you don't know anyone
p326_076,0.0,0.0,3.7037037037037033,3.571428571428571,I was shocked and outraged., I was shocked and outraged
p326_077,60.0,60.0,24.0,23.076923076923077,It's just gotten too big., Its just gotten to be
p326_078,33.33333333333333,33.33333333333333,17.857142857142858,16.94915254237288,"We're still in talks and, hopefully, they will continue.", We're still into looks and hopefully that will continue
p326_079,16.666666666666664,16.666666666666664,17.24137931034483,16.666666666666664,I am immensely proud of them., I am immensely proud of him
p326_080,0.0,0.0,4.545454545454546,4.3478260869565215,It was extremely cold., It was extremely cold
p326_081,0.0,0.0,2.1739130434782608,2.127659574468085,The property is owned by Glasgow City Council., The property is owned by Glasgow City Council
p326_082,0.0,0.0,2.564102564102564,2.5,"No, we had nothing to do with the Jews."," No, we had nothing to do with the Jews"
p326_083,12.5,12.5,6.666666666666667,6.25,There will be tough opponents to this report., There will be tougher opponents to this report
p326_084,0.0,0.0,3.3333333333333335,3.225806451612903,They were two different types., They were two different types
p326_085,0.0,0.0,4.0,3.8461538461538463,Chelsea was a great club., Chelsea was a great club
p326_086,0.0,0.0,5.263157894736842,5.0,I can't believe it., I can't believe it
p326_087,0.0,0.0,1.9607843137254901,1.9230769230769231,"I couldn't believe it, but it looks like it's true."," I couldn't believe it, but it looks like it's true"
p326_088,0.0,0.0,3.0303030303030303,2.941176470588235,We have them in offices all over., We have them in offices all over
p326_089,0.0,0.0,4.0,3.8461538461538463,It need not be like that., It need not be like that
p326_090,0.0,0.0,2.631578947368421,2.564102564102564,There has been a sense of frustration., There has been a sense of frustration
p326_091,0.0,0.0,3.6363636363636362,3.571428571428571,"At that time, there was no infection within five miles.", At that time there was no infection within five miles
p326_092,11.11111111111111,11.11111111111111,12.698412698412698,12.5,"Their findings are published in the journal, Injury Prevention.", Their filings are published in the journal Injury Prevention
p326_093,0.0,0.0,7.894736842105263,7.6923076923076925,"This time, there were no such rewards.", this time there were no such rewards
p326_094,0.0,0.0,2.941176470588235,2.857142857142857,That'd be good for the whole city., That'd be good for the whole city
p326_095,0.0,0.0,6.382978723404255,6.25,"It is, honestly, difficult to write about this.", It is honestly difficult to write about this
p326_096,14.285714285714285,14.285714285714285,9.375,9.090909090909092,We are very very proud of Alain., We are very very proud of Alan
p326_097,30.0,30.0,16.39344262295082,15.151515151515152,"Around the building, the atmosphere is brittle and hung over."," Around the building, the atmosphere is bristle and hungover"
p326_098,33.33333333333333,33.33333333333333,18.75,17.142857142857142,It was exactly four months away., It's exactly four months away
p326_099,0.0,0.0,5.769230769230769,5.660377358490567,"The performance, for this listener, didn't come off.", The performance for this listener didn't come off
p326_100,0.0,0.0,4.761904761904762,4.545454545454546,It was set in a cafe., It was set in a cafe
p326_101,0.0,0.0,3.571428571428571,3.4482758620689653,It certainly gives you hope., It certainly gives you hope
p326_102,44.44444444444444,44.44444444444444,39.473684210526315,33.33333333333333,"If he does not leave, he will be shot."," Maybe does not leave, he'll be shot"
p326_103,11.11111111111111,11.11111111111111,9.615384615384617,9.433962264150944,"Brown is an interesting man, but he's not desperate."," Brown is an interesting man, but is not desperate"
p326_104,28.57142857142857,25.0,22.857142857142858,19.51219512195122,We've all been there at some point., We have all been there at some point
p326_105,0.0,0.0,2.631578947368421,2.564102564102564,I'm totally horrified by the sentence., I'm totally horrified by the sentence
p326_106,80.0,66.66666666666666,67.85714285714286,55.88235294117647,Our people should be immune., A paper should be a meme
p326_107,0.0,0.0,3.125,3.0303030303030303,It's a metaphor for consumption., It's a metaphor for consumption
p326_108,0.0,0.0,2.941176470588235,2.857142857142857,I just saw them for a few minutes., I just saw them for a few minutes
p326_109,0.0,0.0,0.0,0.0,"A management agreement, however, was conceded."," A management agreement, however, was conceded."
p326_110,16.666666666666664,16.666666666666664,15.384615384615385,13.793103448275861,It left me with a sadness., It left me with the sadness
p326_111,16.666666666666664,16.666666666666664,10.81081081081081,10.526315789473683,Hopefully they will turn out tonight., hopefully that will turn out tonight
p326_112,0.0,0.0,3.571428571428571,3.4482758620689653,The boys are very confident., The boys are very confident
p326_113,25.0,25.0,10.869565217391305,10.638297872340425,The site has been fully recorded and surveyed., The site has been fully recorded in survey
p326_114,0.0,0.0,4.25531914893617,4.166666666666666,Thousands of others have not been so fortunate., thousands of others have not been so fortunate
p326_115,83.33333333333334,83.33333333333334,77.14285714285715,65.85365853658537,Our objective is to tackle poverty., I object to Mr. Tacklepoverty
p326_116,20.0,20.0,22.727272727272727,20.833333333333336,What she will do next?, what she would do next
p326_117,0.0,0.0,5.263157894736842,5.128205128205128,"Hopefully, everything is for the best.", Hopefully everything is for the best
p326_118,75.0,75.0,75.60975609756098,60.78431372549019,Two things will count for us in Brussels., Do things we can't for a sinbrassals
p326_119,0.0,0.0,2.5,2.4390243902439024,She has now been registered as disabled., She has now been registered as disabled
p326_120,0.0,0.0,2.631578947368421,2.564102564102564,Today's meeting was open and friendly., Today's meeting was open and friendly
p326_121,0.0,0.0,2.4390243902439024,2.380952380952381,"Last night, he pledged to clear his name."," Last night, he pledged to clear his name"
p326_122,28.57142857142857,28.57142857142857,97.2972972972973,65.45454545454545,It is the stop-gap before extinction., It is the stopgap before extinction
p326_123,33.33333333333333,28.57142857142857,20.588235294117645,17.5,That is a data management problem., That is a darce and management problem
p326_124,0.0,0.0,4.878048780487805,4.761904761904762,Nor is he allowed out without permission., nor is he allowed out without permission
p326_125,25.0,25.0,14.285714285714285,13.636363636363635,He looked very sharp., It looked very sharp
p326_126,0.0,0.0,2.2222222222222223,2.1739130434782608,Another casualty yesterday was John Prescott., Another casualty yesterday was John Prescott
p326_127,0.0,0.0,3.571428571428571,3.4482758620689653,I've beaten her a few times., I've beaten her a few times
p326_128,0.0,0.0,2.2222222222222223,2.1739130434782608,His father and mother are in film production., His father and mother are in film production
p326_129,0.0,0.0,68.57142857142857,51.06382978723404,This is not a long-term commitment., This is not a long term commitment
p326_130,0.0,0.0,3.225806451612903,3.125,It's about attitudes to change., It's about attitudes to change
p326_131,12.5,12.5,10.526315789473683,9.523809523809524,They failed in their duty to Mr Logan., They're failed in their duty to Mr Logan
p326_132,12.5,12.5,12.121212121212121,11.11111111111111,Yet she is one of the lucky ones.," Yeah, she is one of the lucky ones"
p326_133,12.5,12.5,13.157894736842104,12.195121951219512,Off-duty nurses were called in at Ayr., off duty nurses were called in at air
p326_134,14.285714285714285,14.285714285714285,15.384615384615385,15.0,That means no more taxation by stealth., That means no more taxation by stuff
p326_135,14.285714285714285,14.285714285714285,9.090909090909092,8.695652173913043,History may repeat itself with Billy Elliot., history may repeat itself with Billie Elliot
p326_136,66.66666666666666,57.14285714285714,79.41176470588235,58.69565217391305,Mr Campbell received a phone call., Mr. Kim will receive the phone call
p326_137,0.0,0.0,2.380952380952381,2.3255813953488373,People tended to stay there for some time., People tended to stay there for some time
p326_138,0.0,0.0,3.571428571428571,3.4482758620689653,Holland won by five wickets., Holland won by five wickets
p326_139,42.857142857142854,42.857142857142854,23.809523809523807,23.25581395348837,His expulsion would not solve the problem., Is expulsion with not serve the problem?
p326_140,0.0,0.0,1.6666666666666667,1.639344262295082,"After day one back, he may be revising that opinion already."," After day one back, he may be revising that opinion already"
p326_141,0.0,0.0,3.7037037037037033,3.571428571428571,We are not going to forget., We are not going to forget
p326_142,0.0,0.0,4.0,3.8461538461538463,I'm the one that said it., I'm the one that said it
p326_143,50.0,42.857142857142854,40.0,33.33333333333333,It's not hard to get involved., It's what I had to get involved
p326_144,0.0,0.0,5.0,4.761904761904762,I've grown up a bit., I've grown up a bit
p326_145,0.0,0.0,2.941176470588235,2.857142857142857,For a moment it was all about her., For a moment it was all about her
p326_146,25.0,25.0,26.31578947368421,22.727272727272727,It changed my life., They changed my life
p326_147,0.0,0.0,5.128205128205128,4.878048780487805,Once they go away they won't come back.," Once they go away, they won't come back"
p326_148,0.0,0.0,5.714285714285714,5.555555555555555,It's a difficult one to comment on., it's a difficult one to comment on
p326_149,50.0,50.0,86.36363636363636,63.33333333333333,Our position is clear., Apposition is clear
p326_150,0.0,0.0,3.571428571428571,3.4482758620689653,Yet it does not lose appeal., Yet it does not lose appeal
p326_151,28.57142857142857,28.57142857142857,29.629629629629626,25.806451612903224,But what will we put on it?, But what we would put on it
p326_152,0.0,0.0,2.631578947368421,2.564102564102564,Then in came a succession of signings., Then in came a succession of signings
p326_153,0.0,0.0,3.125,3.0303030303030303,It will benefit a lot of people., It will benefit a lot of people
p326_154,33.33333333333333,33.33333333333333,40.74074074074074,34.375,A new school will be built., A new school will reveal
p326_155,0.0,0.0,2.7027027027027026,2.631578947368421,The main thing is that they enjoy it., The main thing is that they enjoy it
p326_156,25.0,25.0,9.090909090909092,8.88888888888889,It is worse because she suffers from angina., Is worse because she suffers from angina
p326_157,0.0,0.0,4.166666666666666,4.0,I felt he was excellent., I felt he was excellent
p326_158,16.666666666666664,16.666666666666664,10.714285714285714,10.344827586206897,It's not just a male agenda., It's not just a mild agenda
p326_159,14.285714285714285,14.285714285714285,7.894736842105263,7.6923076923076925,This meeting is the path to salvation., This meeting is the part to salvation
p326_160,12.5,12.5,5.555555555555555,5.405405405405405,I think we believed the tie was won., I think we believe the tie was won
p326_161,0.0,0.0,5.263157894736842,5.0,She wanted to move., She wanted to move
p326_162,0.0,0.0,0.0,0.0,How do you find the youngsters?, How do you find the youngsters?
p326_163,0.0,0.0,4.166666666666666,4.0,It's always a rehearsal., It's always a rehearsal
p326_164,0.0,0.0,3.8461538461538463,3.7037037037037033,But it's a subtle process., But it's a subtle process
p326_165,0.0,0.0,2.941176470588235,2.857142857142857,We all have to look in the mirror., We all have to look in the mirror
p326_166,0.0,0.0,3.571428571428571,3.4482758620689653,There is no internal damage., There is no internal damage
p326_167,12.5,12.5,7.317073170731707,7.142857142857142,About the bad things that happened to me., About the bad things that happen to me
p326_168,0.0,0.0,3.225806451612903,3.125,She is a very lucky young lady., She is a very lucky young lady
p326_169,0.0,0.0,3.7037037037037033,3.571428571428571,It was a great team effort., It was a great team effort
p326_170,0.0,0.0,2.941176470588235,2.857142857142857,The threat to rural areas is real., The threat to rural areas is real
p326_171,25.0,25.0,30.0,29.03225806451613,Tourism continues to struggle., tourism continues to trouble
p326_172,0.0,0.0,6.779661016949152,6.666666666666667,"That, however, can only be achieved by constant investment.", that however can only be achieved by constant investment
p326_173,28.57142857142857,28.57142857142857,17.142857142857142,16.216216216216218,Its first awards will do just that., Its first awards were due just that
p326_174,0.0,0.0,3.3333333333333335,3.225806451612903,We are already under pressure., We are already under pressure
p326_175,0.0,0.0,2.2222222222222223,2.1739130434782608,She didn't tell me anything the night before., She didn't tell me anything the night before
p326_176,0.0,0.0,1.7543859649122806,1.7241379310344827,"In performance, that quality can prove to be a challenge."," In performance, that quality can prove to be a challenge"
p326_177,0.0,0.0,2.0,1.9607843137254901,The Scottish management team will settle for that., The Scottish management team will settle for that
p326_178,0.0,0.0,7.317073170731707,7.142857142857142,THE US is a diverse and colourful nation., The US is a diverse and colourful nation
p326_179,16.666666666666664,16.666666666666664,14.285714285714285,13.793103448275861,He didn't have long to wait., He didn't have mom to wait
p326_180,0.0,0.0,2.631578947368421,2.564102564102564,That was merely their initial problem., That was merely their initial problem
p326_181,60.0,54.54545454545454,67.3469387755102,53.2258064516129,"I'm going to help out in the summer, as producer.", and go into hell pout in the summer as a producer
p326_182,0.0,0.0,2.3255813953488373,2.272727272727273,It would be really interesting if they did., It would be really interesting if they did
p326_183,0.0,0.0,3.4482758620689653,3.3333333333333335,I need them to set my career., I need them to set my career
p326_184,0.0,0.0,2.4390243902439024,2.380952380952381,I love the Scottish and the Irish people., I love the Scottish and the Irish people
p326_185,0.0,0.0,1.5873015873015872,1.5625,"They don't know each other, but they have made this commitment."," They don't know each other, but they have made this commitment"
p326_186,0.0,0.0,4.761904761904762,4.545454545454546,He was all blackened., He was all blackened
p326_187,0.0,0.0,4.761904761904762,4.545454545454546,This is your country., This is your country
p326_188,0.0,0.0,3.571428571428571,3.4482758620689653,I want to be there by right., I want to be there by right
p326_189,20.0,20.0,10.714285714285714,10.344827586206897,The fund has three elements., The font has three elements
p326_190,0.0,0.0,3.7037037037037033,3.571428571428571,You've just got to move on., You've just got to move on
p326_191,0.0,0.0,5.263157894736842,5.0,I feel really good., I feel really good
p326_192,44.44444444444444,44.44444444444444,100,80.3921568627451,So You Think You Want  to be Victoria?, Say think you want to be Victoria
p326_193,75.0,75.0,75.67567567567568,66.66666666666666,"This is still a young team, you know.", This is Sir Yante Mino
p326_194,0.0,0.0,2.2222222222222223,2.1739130434782608,It's just the workings of the Scottish media., It's just the workings of the Scottish media
p326_195,0.0,0.0,2.083333333333333,2.0408163265306123,The British government said she was coming home., The British government said she was coming home
p326_196,0.0,0.0,4.3478260869565215,4.166666666666666,It's not even finished., It's not even finished
p326_197,57.14285714285714,57.14285714285714,64.51612903225806,47.61904761904761,That is a matter for Mr Graham., That isn't matter for nystagram
p326_198,0.0,0.0,2.857142857142857,2.7777777777777777,These people just lost their child., These people just lost their child
p326_199,40.0,33.33333333333333,23.333333333333332,21.21212121212121,Everyone knew where they were., ever I knew where they were
p326_200,87.5,87.5,100,75.47169811320755,It may now be too expensive for anyone., It meant Abbotoo expensive for anyone
p326_201,0.0,0.0,3.8461538461538463,3.7037037037037033,It was worth a photograph., It was worth a photograph
p326_202,0.0,0.0,2.380952380952381,2.3255813953488373,The processing plant was closed yesterday., The processing plant was closed yesterday
p326_203,25.0,25.0,39.130434782608695,33.33333333333333,"For the moment, our position remains the same."," For the moment, opposition remains the same"
p326_204,0.0,0.0,0.0,0.0,Was this a new event?, Was this a new event?
p326_205,20.0,18.181818181818183,22.950819672131146,20.588235294117645,"As agreed, the prime minister was driven to Westminster Hall.", As a grade the Prime Minister was driven to Westminster Hall
p326_206,0.0,0.0,6.896551724137931,6.666666666666667,"In the old days, it was easy.", In the old days it was easy
p326_207,0.0,0.0,2.7777777777777777,2.7027027027027026,I came into this world with nothing., I came into this world with nothing
p326_208,0.0,0.0,2.3255813953488373,2.272727272727273,We're still hopeful of concluding the deal., We're still hopeful of concluding the deal
p326_209,0.0,0.0,2.7027027027027026,2.631578947368421,"I am a soldier, a soldier, a soldier."," I am a soldier, a soldier, a soldier"
p326_210,0.0,0.0,2.2222222222222223,2.1739130434782608,River City is a showcase for Scottish talent., River City is a showcase for Scottish talent
p326_211,0.0,0.0,2.7777777777777777,2.7027027027027026,"Yes, it gave me a lot of confidence."," Yes, it gave me a lot of confidence"
p326_212,14.285714285714285,14.285714285714285,7.317073170731707,7.142857142857142,His style is suited to Scottish football., His style is stated to Scottish football
p326_213,0.0,0.0,2.857142857142857,2.7777777777777777,After that he became more romantic., After that he became more romantic
p326_214,0.0,0.0,4.761904761904762,4.545454545454546,It's not long enough., It's not long enough
p326_215,16.666666666666664,16.666666666666664,22.857142857142858,20.51282051282051,My view has now completely changed., My gearion has now completely changed
p326_216,0.0,0.0,2.941176470588235,2.857142857142857,You're going to take away my life., You're going to take away my life
p326_217,50.0,50.0,40.909090909090914,36.0,He scored a touchdown., He's got a touchdown
p326_218,0.0,0.0,3.225806451612903,3.125,They finished second and third., They finished second and third
p326_219,0.0,0.0,2.3255813953488373,2.272727272727273,We're playing away from home and that's it., We're playing away from home and that's it
p326_220,66.66666666666666,66.66666666666666,82.75862068965517,66.66666666666666,He was then replaced by Ross., Who's in replace by Ross?
p326_221,0.0,0.0,4.081632653061225,4.0,"It had not been a terribly inspiring end, either.", It had not been a terribly inspiring end either
p326_222,12.5,12.5,19.148936170212767,18.75,I'm wondering what you feel about the youngest., I'm wondering what you feel about the amnest
p326_223,0.0,0.0,6.0606060606060606,5.88235294117647,She did not attend the courtroom., she did not attend the courtroom
p326_224,0.0,0.0,3.0303030303030303,2.941176470588235,People can get them if they want., People can get them if they want
p326_225,0.0,0.0,3.8461538461538463,3.7735849056603774,Smith confirmed that their confidence was returning., smith confirmed that their confidence was returning
p326_226,33.33333333333333,33.33333333333333,28.000000000000004,23.333333333333332,He is a law unto himself., Here's a law unto himself
p326_227,0.0,0.0,4.3478260869565215,4.166666666666666,"I was very, very happy."," I was very, very happy"
p326_228,20.0,20.0,39.130434782608695,32.142857142857146,No-one should see that., No one should say that
p326_229,25.0,25.0,20.0,17.94871794871795,We are going to go about our lives., We're going to go about our lives
p326_230,42.857142857142854,42.857142857142854,30.303030303030305,27.027027027027028,What is the point of jailing him?, Where's the point of chaling him?
p326_231,0.0,0.0,2.857142857142857,2.7777777777777777,They made it very difficult for us., They made it very difficult for us
p326_232,0.0,0.0,4.761904761904762,4.545454545454546,"Well, there is a bed."," Well, there is a bed"
p326_233,50.0,50.0,47.05882352941176,42.10526315789473,You write a play., You ride to play
p326_234,0.0,0.0,2.272727272727273,2.2222222222222223,There are no easy solutions to this problem., There are no easy solutions to this problem
p326_235,0.0,0.0,5.405405405405405,5.263157894736842,The Government faces a moral dilemma., The government faces a moral dilemma
p326_236,75.0,60.0,100,71.42857142857143,Seems a sensible compromise., Seems the centre will compromise
p326_237,0.0,0.0,2.7777777777777777,2.7027027027027026,This kind of traffic is commonplace., This kind of traffic is commonplace
p326_238,40.0,40.0,40.74074074074074,36.666666666666664,I'm happy with the outcome., Happy with the outcome
p326_239,12.5,12.5,13.513513513513514,13.157894736842104,An aide was instructed to get a copy., An egg was instructed to get a copy
p326_240,0.0,0.0,4.761904761904762,4.651162790697675,The Allies intend to maintain the average., The allies intend to maintain the average
p326_241,0.0,0.0,3.125,3.0303030303030303,Agents and coaches must be paid., Agents and coaches must be paid
p326_242,0.0,0.0,2.127659574468085,2.083333333333333,The vacancies are in support services and arts., The vacancies are in support services and arts
p326_243,0.0,0.0,3.4482758620689653,3.3333333333333335,It is just completely erased., It is just completely erased
p326_244,0.0,0.0,4.25531914893617,4.166666666666666,"His sister added, We expected him to be jailed."," His sister added, we expected him to be jailed"
p326_245,66.66666666666666,66.66666666666666,76.92307692307693,63.49206349206349,"We lost our composure towards the interval, he said."," Gluffs tack and pager towards interval, he said."
p326_246,0.0,0.0,2.564102564102564,2.5,I've been thinking about it for a year., I've been thinking about it for a year
p326_247,0.0,0.0,3.8461538461538463,3.7037037037037033,Scotland were on Saturday., Scotland were on Saturday
p326_248,14.285714285714285,14.285714285714285,8.823529411764707,8.108108108108109,I enjoy playing with both of them., I enjoyed playing with both of them
p326_249,0.0,0.0,5.0,4.761904761904762,Too often it is not., Too often it is not
p326_250,20.0,20.0,15.384615384615385,14.814814814814813,Alex Ferguson is the same., Alex Ferguson is the sign
p326_251,33.33333333333333,33.33333333333333,45.83333333333333,36.666666666666664,I tend not to look back., attend not to look back
p326_252,0.0,0.0,2.380952380952381,2.3255813953488373,Confidence among the allies began to slip., Confidence among the allies began to slip
p326_253,28.57142857142857,28.57142857142857,31.428571428571427,28.205128205128204,The real problem is the Usher Hall., The real problem is the ashahoul
p326_254,0.0,0.0,1.8867924528301887,1.8518518518518516,"My family, health and golf is always a balancing act."," My family, health and golf is always a balancing act"
p326_255,0.0,0.0,5.0,4.761904761904762,I got a yellow card., I got a yellow card
p326_256,12.5,12.5,10.0,9.75609756097561,My game just seems to keep on improving., My guy just seems to keep on improving
p326_257,37.5,37.5,22.5,20.930232558139537,We would expect it to disappear in time., We were expected to disappear in time
p326_258,0.0,0.0,3.571428571428571,3.508771929824561,"Technically, it was a very good performance by Scotland.", Technically it was a very good performance by Scotland
p326_259,0.0,0.0,2.857142857142857,2.7777777777777777,I'd love to have been on the pitch., I'd love to have been on the pitch
p326_260,25.0,25.0,13.636363636363635,12.5,I never had any confidence in it afterwards., and never have any confidence in it afterwards
p326_261,0.0,0.0,2.7027027027027026,2.631578947368421,I didn't know what he was capable of., I didn't know what he was capable of
p326_262,0.0,0.0,2.4390243902439024,2.380952380952381,Our place as artists is to ask questions., Our place as artists is to ask questions
p326_263,25.0,25.0,14.285714285714285,13.333333333333334,I ran to get out of the way., A rain to get out of the way
p326_264,50.0,50.0,53.333333333333336,42.10526315789473,She's now on the back benches., She's now in the backbenches
p326_265,0.0,0.0,3.571428571428571,3.4482758620689653,But there are some problems., But there are some problems
p326_266,66.66666666666666,66.66666666666666,66.66666666666666,53.333333333333336,It may also be her last., And they also be hellas
p326_267,12.5,12.5,11.76470588235294,11.428571428571429,It should not lose out in any way., It should not lose air in any way
p326_268,33.33333333333333,28.57142857142857,18.91891891891892,16.666666666666664,We're very pleased about the verdict., We are very pleased about the verdict
p326_269,0.0,0.0,3.225806451612903,3.125,It will not be a long campaign., It will not be a long campaign
p326_270,50.0,50.0,22.727272727272727,21.73913043478261,"Subs not used, McGraw."," Sabs not used, McCrill"
p326_271,0.0,0.0,5.555555555555555,5.263157894736842,Maybe it helps us., Maybe it helps us
p326_272,25.0,25.0,20.689655172413794,20.0,Three bystanders were killed., 3 bystanders were killed
p326_273,18.181818181818183,16.666666666666664,13.636363636363635,12.5,"We should savour this, because it's unlikely ever to happen again."," We should say with this, because it's unlikely ever to happen again"
p326_274,22.22222222222222,22.22222222222222,17.543859649122805,16.94915254237288,"However, within five minutes they were able to celebrate.", however within five minutes they are about to celebrate
p326_275,0.0,0.0,4.545454545454546,4.3478260869565215,Was it just negligent., Was it just negligent?
p326_276,20.0,20.0,16.666666666666664,15.384615384615385,He made no big mistakes., You made no big mistakes
p326_277,50.0,42.857142857142854,68.96551724137932,52.63157894736842,"It will not be today, though."," It would not be too late, though"
p326_278,25.0,25.0,29.411764705882355,27.77777777777778,Which is a shame., Weeks is a shame
p326_279,0.0,0.0,3.3333333333333335,3.225806451612903,That is where our future lies., That is where our future lies
p326_280,16.666666666666664,16.666666666666664,74.54545454545455,53.94736842105263,There has been no cover-up - just the opposite in fact.," There has been no cover up, just the opposite in fact"
p326_281,12.5,12.5,14.285714285714285,13.636363636363635,Mr Burrell was arrested almost a year ago., Mr. Barrow was arrested almost a year ago
p326_282,0.0,0.0,2.941176470588235,2.857142857142857,That was enough for the committee., That was enough for the committee
p326_283,25.0,25.0,15.0,14.285714285714285,We will be homeless., We will be timeless
p326_284,0.0,0.0,0.0,0.0,"Six of the asylum seekers left the offices, it was reported."," Six of the asylum seekers left the offices, it was reported."
p326_285,0.0,0.0,0.0,0.0,"In short, the Scottish excess is not difficult to justify."," In short, the Scottish excess is not difficult to justify."
p326_286,0.0,0.0,2.272727272727273,2.2222222222222223,"Sure, this is a very important event for me."," Sure, this is a very important event for me"
p326_287,0.0,0.0,2.631578947368421,2.564102564102564,We have to focus on what is important., We have to focus on what is important
p326_288,0.0,0.0,3.8461538461538463,3.7037037037037033,They have to work so hard., They have to work so hard
p326_289,37.5,33.33333333333333,49.01960784313725,40.32258064516129,But their bodies were found at lunchtime yesterday., But the bodies were found at lunch time yesterday
p326_290,0.0,0.0,23.076923076923077,21.428571428571427,"Well, was it?", well was it
p326_291,0.0,0.0,4.166666666666666,4.0,That's my big challenge., That's my big challenge
p326_292,0.0,0.0,2.272727272727273,2.2222222222222223,The problems are a result of that shortfall., The problems are a result of that shortfall
p326_293,0.0,0.0,3.225806451612903,3.125,We have to adapt to this level., We have to adapt to this level
p326_294,0.0,0.0,12.5,12.0,So what is it with Nato?, So what is it with NATO?
p326_295,0.0,0.0,4.545454545454546,4.3478260869565215,We won't let you down., We won't let you down
p326_296,0.0,0.0,11.11111111111111,10.81081081081081,"Inclusion and Autism, Is It Working?"," Inclusion and autism, is it working?"
p326_297,25.0,25.0,27.586206896551722,26.666666666666668,There's a strong involvement., Is a strong involvement
p326_298,14.285714285714285,14.285714285714285,7.142857142857142,6.976744186046512,The observer saw no evidence ofr fighting., The Observer saw no evidence of fighting
p326_299,14.285714285714285,14.285714285714285,7.5,7.317073170731707,He was visited by UK consular officials., It was visited by UK consular officials
p326_300,18.181818181818183,18.181818181818183,18.96551724137931,18.0327868852459,"So we shall remain vigilant, and keep the pressure on him.", So each hour remain vigilant and keep the pressure on him
p326_301,0.0,0.0,2.7027027027027026,2.631578947368421,English is the language of pop music., English is the language of pop music
p326_302,0.0,0.0,1.8181818181818181,1.7857142857142856,The Israeli government is destroying the peace process., The Israeli government is destroying the peace process
p326_303,0.0,0.0,4.166666666666666,4.0,It is a simple equation., It is a simple equation
p326_304,0.0,0.0,3.7037037037037033,3.571428571428571,It makes a huge difference., It makes a huge difference
p326_305,0.0,0.0,2.127659574468085,2.083333333333333,"By that time, however, it was already too late."," By that time, however, it was already too late"
p326_306,0.0,0.0,9.67741935483871,9.375,"She has seen, or heard, it all.", She has seen or heard it all
p326_307,12.5,12.5,2.0408163265306123,1.9607843137254901,Which Scot is likely to emulate his achievements?, Which Scott is likely to emulate his achievements?
p326_308,0.0,0.0,0.0,0.0,Could you put it in writing?, Could you put it in writing?
p326_309,0.0,0.0,3.4482758620689653,3.3333333333333335,They play together perfectly., They play together perfectly
p326_310,25.0,25.0,15.789473684210526,14.285714285714285,We will meet again., Who will meet again?
p326_311,22.22222222222222,22.22222222222222,19.51219512195122,18.181818181818183,"It's a record label, not a form of music."," It's a record label, not a fun with music"
p326_312,0.0,0.0,2.5,2.4390243902439024,The other conditions were not specified., The other conditions were not specified
p326_313,0.0,0.0,2.941176470588235,2.857142857142857,They should use it on the catwalk., They should use it on the catwalk
p326_314,50.0,42.857142857142854,54.83870967741935,43.58974358974359,Perhaps it is the Crown Estate., Perhaps it is the crayon of state
p326_315,12.5,12.5,6.122448979591836,5.88235294117647,We're looking at the Citizens Theatre the Lyceum.," We're looking at the Citizen Theatre, the Lyceum"
p326_316,0.0,0.0,3.0303030303030303,2.941176470588235,It certainly sounded it at times., It certainly sounded it at times
p326_317,0.0,0.0,4.166666666666666,4.0,Anyone can take a photo., Anyone can take a photo
p326_318,10.0,10.0,12.068965517241379,11.666666666666666,"We were very happy with our results, which were excellent."," We were very happy with our research, which were excellent"
p326_319,14.285714285714285,14.285714285714285,14.285714285714285,13.953488372093023,They treated me with respect and courtesy., They traded me with respect and courtesy
p326_320,0.0,0.0,3.4482758620689653,3.3333333333333335,He is involved in everything., He is involved in everything
p326_321,0.0,0.0,10.0,9.523809523809524,"Family, if you like.", Family if you like
p326_322,37.5,75.0,100,76.27118644067797,A ceasefire is a ceasefire is a ceasefire., The safe fire is the safe fire is the safe fire
p326_323,0.0,0.0,3.125,3.0303030303030303,I don't want to change anything., I don't want to change anything
p326_324,50.0,50.0,30.0,29.03225806451613,I've only met him three times., of only me in three times
p326_325,33.33333333333333,33.33333333333333,26.923076923076923,25.925925925925924,"You see, my back has gone.", You say my back is gone?
p326_326,0.0,0.0,4.761904761904762,4.651162790697675,It's a logical consequence of the Formula., It's a logical consequence of the formula
p326_327,12.5,12.5,17.073170731707318,16.27906976744186,Part of Johnny was found some days after., part of journey was found some days after
p326_328,0.0,0.0,4.166666666666666,4.0,We are the weakest link., We are the weakest link
p326_329,0.0,0.0,4.0,3.8461538461538463,It had been on the cards., It had been on the cards
p326_330,40.0,40.0,55.55555555555556,51.724137931034484,"She looked very, very poor.", Slud very very poor
p326_331,0.0,0.0,4.545454545454546,4.3478260869565215,"He did, and he missed."," He did, and he missed"
p326_332,42.857142857142854,42.857142857142854,38.63636363636363,32.69230769230769,Nato has completed planning for air strikes., Nota has completed planning for airstrikes
p326_333,20.0,20.0,13.333333333333334,12.5,Many innocent people will die., Many innocent people would die
p326_334,75.0,60.0,71.42857142857143,53.57142857142857,The mood was defiant., The maid was to fight
p326_335,0.0,0.0,4.545454545454546,4.3478260869565215,We have now no choice., We have now no choice
p326_336,12.5,12.5,11.904761904761903,11.363636363636363,I'm sure that clubs will all be delighted., I'm sure that clouds will all be delighted
p326_337,0.0,0.0,2.941176470588235,2.857142857142857,Butcher has only one idea in mind., Butcher has only one idea in mind
p326_338,0.0,0.0,4.0,3.8461538461538463,It's our worst nightmare., It's our worst nightmare
p326_339,0.0,0.0,4.545454545454546,4.3478260869565215,We gave them the goal., We gave them the goal
p326_340,16.666666666666664,16.666666666666664,16.666666666666664,15.384615384615385,Self control is just one instalment., Self-control is just one installment
p326_341,0.0,0.0,2.7027027027027026,2.631578947368421,It would be a massive boost for them., It would be a massive boost for them
p326_342,0.0,0.0,4.0,3.8461538461538463,You never had it so good., You never had it so good
p326_343,0.0,0.0,3.571428571428571,3.4482758620689653,Both are national treasures., Both are national treasures
p326_344,16.666666666666664,16.666666666666664,5.88235294117647,5.555555555555555,The then secretary was not amused., They then secretary was not amused
p326_345,0.0,0.0,4.545454545454546,4.3478260869565215,I can't speak for him., I can't speak for him
p326_346,25.0,22.22222222222222,35.0,29.166666666666668,It is also claimed that he was murdered., It is also a client that he was murdered
p326_347,0.0,0.0,2.5,2.4390243902439024,Hopefully we can use this as a platform., Hopefully we can use this as a platform
p326_348,0.0,0.0,3.225806451612903,3.125,I can't see him reversing that., I can't see him reversing that
p326_349,20.0,20.0,22.22222222222222,21.052631578947366,He was on a horse., He was on a holace
p326_350,0.0,0.0,3.0303030303030303,2.941176470588235,I'm really looking forward to it., I'm really looking forward to it
p326_351,14.285714285714285,14.285714285714285,12.5,12.195121951219512,Capital gains tax is also being reduced., Camera gains tax is also being reduced
p326_352,0.0,0.0,5.660377358490567,5.555555555555555,"I think, at last, the company will find itself again.", I think at last the company will find itself again
p326_353,0.0,0.0,3.0303030303030303,2.941176470588235,And that gives a kind of freedom., And that gives a kind of freedom
p326_354,42.857142857142854,42.857142857142854,30.76923076923077,27.906976744186046,I have also been delighted with Stevie., I've also been delighted with Stady
p326_355,0.0,0.0,4.3478260869565215,4.166666666666666,He's on the wrong side., He's on the wrong side
p326_356,18.181818181818183,18.181818181818183,13.461538461538462,12.5,"If he saw somebody in trouble, he would try to help."," If you saw somebody in trouble, he would try some help"
p326_357,0.0,0.0,3.125,3.0303030303030303,My husband was born in Zimbabwe., My husband was born in Zimbabwe
p326_358,33.33333333333333,33.33333333333333,20.588235294117645,18.421052631578945,Labour is providing none of these., labourers providing none of these
p326_359,0.0,0.0,6.8181818181818175,6.666666666666667,"So, in a sense, it was a government subsidy.", So in a sense it was a government subsidy
p326_360,12.5,12.5,11.11111111111111,10.638297872340425,There is no musical background in his family., There is no musical background in this family
p326_361,0.0,0.0,0.0,0.0,"However, BBC Scotland was not interested in his work."," However, BBC Scotland was not interested in his work."
p326_362,50.0,50.0,50.0,42.857142857142854,The mix with Tiger is perfect., The next retiree is perfect
p326_363,14.285714285714285,14.285714285714285,11.363636363636363,11.11111111111111,There were no immediate reports of injuries., There are no immediate reports of injuries
p326_364,0.0,0.0,2.0,1.9607843137254901,"Well, it happened to me, so it's happening to him."," Well, it happened to me, so it's happening to him"
p326_366,0.0,0.0,3.3333333333333335,3.225806451612903,Finally action had been taken., Finally action had been taken
p326_367,0.0,0.0,4.166666666666666,4.0,We're not travel agents., We're not travel agents
p326_368,0.0,0.0,11.76470588235294,11.11111111111111,It's hard not to., it's hard not to
p326_369,16.666666666666664,16.666666666666664,13.333333333333334,12.903225806451612,Broke down and can't be fixed., Break down and can't be fixed
p326_370,0.0,0.0,2.7777777777777777,2.7027027027027026,I'm desperate to play in this match., I'm desperate to play in this match
p326_371,0.0,0.0,0.0,0.0,"That's always the case, isn't it?"," That's always the case, isn't it?"
p326_372,12.5,12.5,8.333333333333332,8.16326530612245,"However, there are no plans for injecting rooms."," However, there are no plans for injecting runes"
p326_373,20.0,20.0,37.735849056603776,31.25,"Since then, they have fallen by more than two thirds."," Since then, they're fallen by more than two-thirds"
p326_374,75.0,75.0,100,83.87096774193549,It is patently true., Who's patiently true?
p326_375,60.0,60.0,37.93103448275862,31.428571428571427,They did not threaten anyone., Though not threatening anyone
p326_376,0.0,0.0,1.8181818181818181,1.7857142857142856,"There is no hiding place in it, no room for passengers."," There is no hiding place in it, no room for passengers"
p326_377,0.0,0.0,4.878048780487805,4.761904761904762,That is the position the MoD has adopted., That is the position the MOD has adopted
p326_378,28.57142857142857,28.57142857142857,29.72972972972973,26.190476190476193,But sometimes it works out all right., But sometimes it works out alright
p326_379,0.0,0.0,4.545454545454546,4.444444444444445,"What are you supposed to do, just walk away?", What are you supposed to do? Just walk away?
p326_380,37.5,37.5,22.5,20.454545454545457,Even then he was in the media spotlight., Even their news in the media spotlight
p326_381,100.0,80.0,100,76.47058823529412,Therein lies the problem., They're in us a problem
p326_382,0.0,0.0,5.263157894736842,5.0,You feel the pride., You feel the pride?
p326_383,0.0,0.0,2.7027027027027026,2.631578947368421,But this is not just a Tibetan issue., But this is not just a Tibetan issue
p326_384,0.0,0.0,2.2222222222222223,2.1739130434782608,The distinction is also supported by doctors., The distinction is also supported by doctors
p326_385,0.0,0.0,3.571428571428571,3.4482758620689653,I have to keep working hard., I have to keep working hard
p326_386,0.0,0.0,5.454545454545454,5.263157894736842,"Mrs Thatcher was in the right place, at the right time.", Mrs. Thatcher was in the right place at the right time
p326_387,0.0,0.0,3.125,3.0303030303030303,Art is still a risky investment., Art is still a risky investment
p326_388,0.0,0.0,3.571428571428571,3.4482758620689653,That is difficult to answer., That is difficult to answer
p326_389,66.66666666666666,57.14285714285714,90.9090909090909,63.829787234042556,"A century on, little has changed."," The century on, the nipple was changed"
p326_390,80.0,66.66666666666666,74.19354838709677,56.09756097560976,Wrong decisions Address in full, wrong decision to address him for
p326_391,0.0,0.0,2.4390243902439024,2.380952380952381,My father had been unwell for many years., My father had been unwell for many years
p326_392,37.5,30.0,53.48837209302325,41.07142857142857,She said she would not welcome the flowers., As she said she would not work in the flowers
p326_393,0.0,0.0,2.272727272727273,2.2222222222222223,It is a temptation which should be resisted., It is a temptation which should be resisted
p326_394,16.666666666666664,16.666666666666664,11.363636363636363,11.11111111111111,"However, his remarks were heavily qualified."," However, his remarks are heavily qualified"
p326_395,0.0,0.0,4.0,3.8461538461538463,It was like the old days., It was like the old days
p326_396,33.33333333333333,33.33333333333333,35.483870967741936,30.555555555555557,A great deal has been achieved., Great deal has been achieved
p326_397,33.33333333333333,33.33333333333333,31.03448275862069,29.03225806451613,My future is in the marathon., I feature is in the marathon
p326_398,0.0,0.0,4.761904761904762,4.545454545454546,Then he did it twice., Then he did it twice
p326_399,0.0,0.0,3.125,3.0303030303030303,So is the rest of British sport., So is the rest of British sport
p326_400,0.0,0.0,3.125,3.0303030303030303,It had until tomorrow to comply., It had until tomorrow to comply
